Transaction ID,Transaction Date,Product Key,Quantity,Unit Price,Total Sales
TXN-06-0001,2026-06-16,SanDisk Extreme Portable SSD 1TB,18,10626.99,191285.82
TXN-06-0002,2026-06-22,Cisco CBS110 Network Switch,19,8649.28,164336.32
TXN-06-0003,2026-06-13,TP-Link UE300 Ethernet Adapter,9,1145.07,10305.63
TXN-06-0004,2026-06-13,Brother HL-L2460DN Printer,16,17301.5,276824.0
TXN-06-0005,2026-06-23,Brother HL-L2460DN Printer,14,18881.39,264339.46
TXN-06-0006,2026-06-03,Kingston DataTraveler 64GB,14,725.74,10160.36
TXN-06-0007,2026-06-20,SanDisk Extreme Portable SSD 1TB,14,10587.4,148223.6
TXN-06-0008,2026-06-01,APC Back-UPS 1100VA,8,8589.14,68713.12
TXN-06-0009,2026-06-09,Microsoft LifeCam HD-3000,17,3542.6,60224.2
TXN-06-0010,2026-06-20,Logitech K380 Keyboard,16,3327.32,53237.12
TXN-06-0011,2026-06-02,Logitech K380 Keyboard,1,3374.61,3374.61
TXN-06-0012,2026-06-14,Kingston DataTraveler 64GB,11,706.07,7766.77
TXN-06-0013,2026-06-26,TP-Link UE300 Ethernet Adapter,13,1249.95,16249.35
TXN-06-0014,2026-06-10,TP-Link UE300 Ethernet Adapter,13,1148.9,14935.7
TXN-06-0015,2026-06-16,SanDisk Extreme Portable SSD 1TB,7,10811.01,75677.07
TXN-06-0016,2026-06-04,TP-Link UE300 Ethernet Adapter,7,1156.02,8092.14
TXN-06-0017,2026-06-11,TP-Link UE300 Ethernet Adapter,7,1205.07,8435.49
TXN-06-0018,2026-06-20,Dell P2425H Monitor,13,19767.48,256977.24
TXN-06-0019,2026-06-15,Kingston DataTraveler 64GB,13,709.53,9223.89
TXN-06-0020,2026-06-13,TP-Link UE300 Ethernet Adapter,1,1171.59,1171.59
TXN-06-0021,2026-06-21,APC Back-UPS 1100VA,4,9285.67,37142.68
TXN-06-0022,2026-06-09,Brother HL-L2460DN Printer,17,17838.74,303258.58
TXN-06-0023,2026-06-22,Logitech K380 Keyboard,6,3224.24,19345.44
TXN-06-0024,2026-06-03,Brother HL-L2460DN Printer,12,18464.68,221576.16
TXN-06-0025,2026-06-09,Microsoft LifeCam HD-3000,8,3607.37,28858.96
TXN-06-0026,2026-06-22,APC Back-UPS 1100VA,19,8577.54,162973.26
TXN-06-0027,2026-06-27,Dell P2425H Monitor,16,18153.43,290454.88
TXN-06-0028,2026-06-17,Belkin USB-C 7-in-1 Hub,8,6346.75,50774.0
TXN-06-0029,2026-06-20,Logitech K380 Keyboard,2,3211.82,6423.64
TXN-06-0030,2026-06-16,Dell P2425H Monitor,3,19159.71,57479.13
TXN-06-0031,2026-06-06,Microsoft LifeCam HD-3000,9,3597.87,32380.83
TXN-06-0032,2026-06-06,Cisco CBS110 Network Switch,20,8777.24,175544.8
TXN-06-0033,2026-06-20,APC Back-UPS 1100VA,13,9287.46,120736.98
TXN-06-0034,2026-06-21,Cisco CBS110 Network Switch,17,8430.37,143316.29
TXN-06-0035,2026-06-08,Logitech MX Master 3S,13,8787.01,114231.13
TXN-06-0036,2026-06-16,APC Back-UPS 1100VA,2,8878.73,17757.46
TXN-06-0037,2026-06-11,SanDisk Extreme Portable SSD 1TB,9,9994.81,89953.29
TXN-06-0038,2026-06-30,Logitech K380 Keyboard,20,3362.28,67245.6
TXN-06-0039,2026-06-30,SanDisk Extreme Portable SSD 1TB,1,10494.71,10494.71
TXN-06-0040,2026-06-25,Belkin USB-C 7-in-1 Hub,6,6543.69,39262.14
TXN-06-0041,2026-06-08,Dell P2425H Monitor,19,18283.9,347394.1
TXN-06-0042,2026-06-29,HP E24 G5 Monitor,3,21498.81,64496.43
TXN-06-0043,2026-06-25,Logitech MX Master 3S,20,8592.47,171849.4
TXN-06-0044,2026-06-12,APC Back-UPS 1100VA,16,9312.91,149006.56
TXN-06-0045,2026-06-27,Kingston DataTraveler 64GB,16,724.29,11588.64
TXN-06-0046,2026-06-14,Belkin USB-C 7-in-1 Hub,14,6531.1,91435.4
TXN-06-0047,2026-06-09,Logitech K380 Keyboard,19,3343.91,63534.29
TXN-06-0048,2026-06-12,TP-Link UE300 Ethernet Adapter,1,1212.28,1212.28
TXN-06-0049,2026-06-09,HP E24 G5 Monitor,6,22311.87,133871.22
TXN-06-0050,2026-06-10,Logitech MX Master 3S,1,9339.46,9339.46
TXN-06-0051,2026-06-03,Kingston DataTraveler 64GB,17,695.59,11825.03
TXN-06-0052,2026-06-08,APC Back-UPS 1100VA,12,9110.7,109328.4
TXN-06-0053,2026-06-24,TP-Link UE300 Ethernet Adapter,10,1189.58,11895.8
TXN-06-0054,2026-06-06,Logitech K380 Keyboard,3,3395.72,10187.16
TXN-06-0055,2026-06-22,Microsoft LifeCam HD-3000,16,3529.09,56465.44
TXN-06-0056,2026-06-06,Jabra Evolve2 40 Headset,16,11932.71,190923.36
TXN-06-0057,2026-06-16,Logitech K380 Keyboard,16,3363.32,53813.12
TXN-06-0058,2026-06-09,Brother HL-L2460DN Printer,9,17863.55,160771.95
TXN-06-0059,2026-06-04,SanDisk Extreme Portable SSD 1TB,6,10710.18,64261.08
TXN-06-0060,2026-06-06,Belkin USB-C 7-in-1 Hub,12,6642.43,79709.16
TXN-06-0061,2026-06-02,Belkin USB-C 7-in-1 Hub,17,6229.38,105899.46
TXN-06-0062,2026-06-27,HP E24 G5 Monitor,13,20801.74,270422.62
TXN-06-0063,2026-06-09,TP-Link UE300 Ethernet Adapter,4,1247.6,4990.4
TXN-06-0064,2026-06-26,SanDisk Extreme Portable SSD 1TB,11,10246.15,112707.65
TXN-06-0065,2026-06-23,APC Back-UPS 1100VA,14,8572.28,120011.92
TXN-06-0066,2026-06-01,TP-Link UE300 Ethernet Adapter,5,1227.53,6137.65
TXN-06-0067,2026-06-24,Brother HL-L2460DN Printer,6,17452.46,104714.76
TXN-06-0068,2026-06-09,APC Back-UPS 1100VA,11,9341.79,102759.69
TXN-06-0069,2026-06-01,SanDisk Extreme Portable SSD 1TB,11,10246.41,112710.51
TXN-06-0070,2026-06-09,APC Back-UPS 1100VA,10,8682.83,86828.3
TXN-06-0071,2026-06-04,HP E24 G5 Monitor,6,20440.37,122642.22
TXN-06-0072,2026-06-10,APC Back-UPS 1100VA,4,8676.01,34704.04
TXN-06-0073,2026-06-07,Kingston DataTraveler 64GB,6,712.15,4272.9
TXN-06-0074,2026-06-10,Brother HL-L2460DN Printer,9,17671.1,159039.9
TXN-06-0075,2026-06-11,Jabra Evolve2 40 Headset,7,12911.62,90381.34
TXN-06-0076,2026-06-23,HP E24 G5 Monitor,17,22421.91,381172.47
TXN-06-0077,2026-06-21,HP E24 G5 Monitor,6,21531.74,129190.44
TXN-06-0078,2026-06-16,HP E24 G5 Monitor,16,21069.54,337112.64
TXN-06-0079,2026-06-12,TP-Link UE300 Ethernet Adapter,2,1239.14,2478.28
TXN-06-0080,2026-06-06,Dell P2425H Monitor,17,18327.33,311564.61
TXN-06-0081,2026-06-28,Dell P2425H Monitor,17,18592.98,316080.66
TXN-06-0082,2026-06-02,TP-Link UE300 Ethernet Adapter,15,1234.34,18515.1
TXN-06-0083,2026-06-01,HP E24 G5 Monitor,9,22310.21,200791.89
TXN-06-0084,2026-06-21,Brother HL-L2460DN Printer,11,17388.49,191273.39
TXN-06-0085,2026-06-02,Belkin USB-C 7-in-1 Hub,7,6396.57,44775.99
TXN-06-0086,2026-06-25,Logitech MX Master 3S,18,8855.98,159407.64
TXN-06-0087,2026-06-09,Cisco CBS110 Network Switch,15,8573.94,128609.1
TXN-06-0088,2026-06-18,Brother HL-L2460DN Printer,10,17740.91,177409.1
TXN-06-0089,2026-06-07,HP E24 G5 Monitor,18,21768.36,391830.48
TXN-06-0090,2026-06-19,Belkin USB-C 7-in-1 Hub,1,6504.13,6504.13
TXN-06-0091,2026-06-04,Kingston DataTraveler 64GB,14,685.89,9602.46
TXN-06-0092,2026-06-29,Brother HL-L2460DN Printer,10,17225.67,172256.7
TXN-06-0093,2026-06-30,HP E24 G5 Monitor,6,20451.24,122707.44
TXN-06-0094,2026-06-12,Jabra Evolve2 40 Headset,8,12359.39,98875.12
TXN-06-0095,2026-06-02,Jabra Evolve2 40 Headset,10,12534.16,125341.6
TXN-06-0096,2026-06-23,Belkin USB-C 7-in-1 Hub,14,6752.6,94536.4
TXN-06-0097,2026-06-16,Logitech K380 Keyboard,18,3221.15,57980.7
TXN-06-0098,2026-06-09,Brother HL-L2460DN Printer,3,18209.3,54627.9
TXN-06-0099,2026-06-13,Kingston DataTraveler 64GB,2,728.5,1457.0
TXN-06-0100,2026-06-09,SanDisk Extreme Portable SSD 1TB,5,10411.79,52058.95
TXN-06-0101,2026-06-23,Logitech K380 Keyboard,16,3197.9,51166.4
TXN-06-0102,2026-06-04,HP E24 G5 Monitor,13,22037.7,286490.1
TXN-06-0103,2026-06-15,Brother HL-L2460DN Printer,11,18136.54,199501.94
TXN-06-0104,2026-06-30,Logitech K380 Keyboard,11,3151.41,34665.51
TXN-06-0105,2026-06-14,Brother HL-L2460DN Printer,1,17402.57,17402.57
TXN-06-0106,2026-06-07,HP E24 G5 Monitor,4,20561.68,82246.72
TXN-06-0107,2026-06-12,Kingston DataTraveler 64GB,9,707.55,6367.95
TXN-06-0108,2026-06-25,Kingston DataTraveler 64GB,11,714.81,7862.91
TXN-06-0109,2026-06-20,Brother HL-L2460DN Printer,16,17277.8,276444.8
TXN-06-0110,2026-06-14,Logitech K380 Keyboard,10,3281.03,32810.3
TXN-06-0111,2026-06-08,HP E24 G5 Monitor,1,22151.73,22151.73
TXN-06-0112,2026-06-20,Jabra Evolve2 40 Headset,9,12128.07,109152.63
TXN-06-0113,2026-06-23,Belkin USB-C 7-in-1 Hub,17,6364.66,108199.22
TXN-06-0114,2026-06-13,Kingston DataTraveler 64GB,11,708.15,7789.65
TXN-06-0115,2026-06-16,HP E24 G5 Monitor,1,21137.07,21137.07
TXN-06-0116,2026-06-27,Logitech MX Master 3S,13,8687.22,112933.86
TXN-06-0117,2026-06-04,Logitech MX Master 3S,7,9057.97,63405.79
TXN-06-0118,2026-06-10,Logitech K380 Keyboard,4,3177.45,12709.8
TXN-06-0119,2026-06-05,HP E24 G5 Monitor,12,22244.22,266930.64
TXN-06-0120,2026-06-24,Logitech K380 Keyboard,16,3457.41,55318.56
TXN-06-0121,2026-06-21,HP E24 G5 Monitor,5,22381.59,111907.95
TXN-06-0122,2026-06-21,Jabra Evolve2 40 Headset,8,13074.38,104595.04
TXN-06-0123,2026-06-26,APC Back-UPS 1100VA,13,9050.54,117657.02
TXN-06-0124,2026-06-30,Microsoft LifeCam HD-3000,13,3585.74,46614.62
TXN-06-0125,2026-06-25,TP-Link UE300 Ethernet Adapter,2,1195.52,2391.04
TXN-06-0126,2026-06-24,Jabra Evolve2 40 Headset,3,12182.67,36548.01
TXN-06-0127,2026-06-06,Kingston DataTraveler 64GB,1,698.87,698.87
TXN-06-0128,2026-06-30,Microsoft LifeCam HD-3000,19,3415.86,64901.34
TXN-06-0129,2026-06-13,Cisco CBS110 Network Switch,12,8346.46,100157.52
TXN-06-0130,2026-06-17,Dell P2425H Monitor,12,19919.66,239035.92
TXN-06-0131,2026-06-13,Microsoft LifeCam HD-3000,14,3550.14,49701.96
TXN-06-0132,2026-06-13,Microsoft LifeCam HD-3000,8,3421.47,27371.76
TXN-06-0133,2026-06-17,Kingston DataTraveler 64GB,18,672.55,12105.9
TXN-06-0134,2026-06-24,Dell P2425H Monitor,7,19132.56,133927.92
TXN-06-0135,2026-06-12,HP E24 G5 Monitor,3,21816.68,65450.04
TXN-06-0136,2026-06-30,Cisco CBS110 Network Switch,14,8271.27,115797.78
TXN-06-0137,2026-06-29,SanDisk Extreme Portable SSD 1TB,10,10273.36,102733.6
TXN-06-0138,2026-06-09,Kingston DataTraveler 64GB,7,678.22,4747.54
TXN-06-0139,2026-06-19,Dell P2425H Monitor,10,19417.16,194171.6
TXN-06-0140,2026-06-01,APC Back-UPS 1100VA,8,8595.61,68764.88
TXN-06-0141,2026-06-30,Belkin USB-C 7-in-1 Hub,10,6729.43,67294.3
TXN-06-0142,2026-06-16,Brother HL-L2460DN Printer,8,18884.41,151075.28
TXN-06-0143,2026-06-30,SanDisk Extreme Portable SSD 1TB,16,10842.38,173478.08
TXN-06-0144,2026-06-06,Cisco CBS110 Network Switch,1,8866.97,8866.97
TXN-06-0145,2026-06-01,Logitech K380 Keyboard,3,3349.01,10047.03
TXN-06-0146,2026-06-13,HP E24 G5 Monitor,6,21474.65,128847.9
TXN-06-0147,2026-06-25,HP E24 G5 Monitor,2,21929.7,43859.4
TXN-06-0148,2026-06-13,Kingston DataTraveler 64GB,3,716.21,2148.63
TXN-06-0149,2026-06-23,Brother HL-L2460DN Printer,17,17864.99,303704.83
TXN-06-0150,2026-06-10,Belkin USB-C 7-in-1 Hub,3,6377.57,19132.71
TXN-06-0151,2026-06-27,Brother HL-L2460DN Printer,7,18438.71,129070.97
TXN-06-0152,2026-06-14,Brother HL-L2460DN Printer,7,17704.66,123932.62
TXN-06-0153,2026-06-06,Belkin USB-C 7-in-1 Hub,14,6367.91,89150.74
TXN-06-0154,2026-06-18,TP-Link UE300 Ethernet Adapter,13,1159.53,15073.89
TXN-06-0155,2026-06-22,Logitech K380 Keyboard,11,3395.75,37353.25
TXN-06-0156,2026-06-16,Microsoft LifeCam HD-3000,4,3625.89,14503.56
TXN-06-0157,2026-06-21,Dell P2425H Monitor,16,19330.78,309292.48
TXN-06-0158,2026-06-13,Kingston DataTraveler 64GB,5,674.06,3370.3
TXN-06-0159,2026-06-02,Logitech K380 Keyboard,6,3428.44,20570.64
TXN-06-0160,2026-06-20,Brother HL-L2460DN Printer,17,18643.36,316937.12
TXN-06-0161,2026-06-18,Brother HL-L2460DN Printer,18,18047.74,324859.32
TXN-06-0162,2026-06-03,SanDisk Extreme Portable SSD 1TB,1,10518.47,10518.47
TXN-06-0163,2026-06-18,Dell P2425H Monitor,8,18333.43,146667.44
TXN-06-0164,2026-06-26,SanDisk Extreme Portable SSD 1TB,19,10984.75,208710.25
TXN-06-0165,2026-06-18,Cisco CBS110 Network Switch,20,8277.69,165553.8
TXN-06-0166,2026-06-11,Brother HL-L2460DN Printer,10,18135.39,181353.9
TXN-06-0167,2026-06-14,Kingston DataTraveler 64GB,12,674.41,8092.92
TXN-06-0168,2026-06-07,TP-Link UE300 Ethernet Adapter,6,1169.18,7015.08
TXN-06-0169,2026-06-27,HP E24 G5 Monitor,14,20902.44,292634.16
TXN-06-0170,2026-06-23,TP-Link UE300 Ethernet Adapter,10,1229.19,12291.9
TXN-06-0171,2026-06-26,Microsoft LifeCam HD-3000,13,3552.76,46185.88
TXN-06-0172,2026-06-18,Cisco CBS110 Network Switch,9,8214.29,73928.61
TXN-06-0173,2026-06-03,Belkin USB-C 7-in-1 Hub,11,6665.28,73318.08
TXN-06-0174,2026-06-23,TP-Link UE300 Ethernet Adapter,3,1225.43,3676.29
TXN-06-0175,2026-06-20,Logitech K380 Keyboard,1,3453.76,3453.76
TXN-06-0176,2026-06-08,Jabra Evolve2 40 Headset,16,13082.19,209315.04
TXN-06-0177,2026-06-04,Microsoft LifeCam HD-3000,3,3486.37,10459.11
TXN-06-0178,2026-06-23,Belkin USB-C 7-in-1 Hub,10,6268.42,62684.2
TXN-06-0179,2026-06-27,Jabra Evolve2 40 Headset,9,13014.77,117132.93
TXN-06-0180,2026-06-07,HP E24 G5 Monitor,12,22551.28,270615.36
TXN-06-0181,2026-06-12,SanDisk Extreme Portable SSD 1TB,14,10167.37,142343.18
TXN-06-0182,2026-06-25,Brother HL-L2460DN Printer,15,18786.04,281790.6
TXN-06-0183,2026-06-15,HP E24 G5 Monitor,9,21112.06,190008.54
TXN-06-0184,2026-06-05,Belkin USB-C 7-in-1 Hub,14,6210.0,86940.0
TXN-06-0185,2026-06-29,Belkin USB-C 7-in-1 Hub,8,6713.07,53704.56
TXN-06-0186,2026-06-18,SanDisk Extreme Portable SSD 1TB,7,10546.75,73827.25
TXN-06-0187,2026-06-04,SanDisk Extreme Portable SSD 1TB,11,10200.75,112208.25
TXN-06-0188,2026-06-21,TP-Link UE300 Ethernet Adapter,5,1200.46,6002.3
TXN-06-0189,2026-06-22,Kingston DataTraveler 64GB,13,685.66,8913.58
TXN-06-0190,2026-06-30,Dell P2425H Monitor,18,19131.96,344375.28
TXN-06-0191,2026-06-06,Kingston DataTraveler 64GB,19,727.05,13813.95
TXN-06-0192,2026-06-29,TP-Link UE300 Ethernet Adapter,16,1166.44,18663.04
TXN-06-0193,2026-06-18,HP E24 G5 Monitor,7,21355.03,149485.21
TXN-06-0194,2026-06-27,Dell P2425H Monitor,1,19679.74,19679.74
TXN-06-0195,2026-06-20,Dell P2425H Monitor,6,19893.97,119363.82
TXN-06-0196,2026-06-02,Logitech MX Master 3S,5,9097.23,45486.15
TXN-06-0197,2026-06-18,Microsoft LifeCam HD-3000,3,3436.29,10308.87
TXN-06-0198,2026-06-17,Microsoft LifeCam HD-3000,12,3343.11,40117.32
TXN-06-0199,2026-06-06,Kingston DataTraveler 64GB,3,721.78,2165.34
TXN-06-0200,2026-06-07,Brother HL-L2460DN Printer,15,17935.23,269028.45
TXN-06-0201,2026-06-19,SanDisk Extreme Portable SSD 1TB,16,10234.43,163750.88
TXN-06-0202,2026-06-05,APC Back-UPS 1100VA,15,8607.46,129111.9
TXN-06-0203,2026-06-26,Logitech MX Master 3S,2,9143.64,18287.28
TXN-06-0204,2026-06-15,Cisco CBS110 Network Switch,4,8749.65,34998.6
TXN-06-0205,2026-06-10,TP-Link UE300 Ethernet Adapter,14,1201.01,16814.14
TXN-06-0206,2026-06-29,HP E24 G5 Monitor,12,21844.91,262138.92
TXN-06-0207,2026-06-10,Logitech MX Master 3S,1,9155.54,9155.54
TXN-06-0208,2026-06-17,Logitech K380 Keyboard,15,3181.75,47726.25
TXN-06-0209,2026-06-09,Dell P2425H Monitor,1,18843.63,18843.63
TXN-06-0210,2026-06-14,TP-Link UE300 Ethernet Adapter,8,1225.29,9802.32
TXN-06-0211,2026-06-16,HP E24 G5 Monitor,10,21976.68,219766.8
TXN-06-0212,2026-06-11,Kingston DataTraveler 64GB,7,702.8,4919.6
TXN-06-0213,2026-06-12,Logitech MX Master 3S,19,8999.48,170990.12
TXN-06-0214,2026-06-07,Logitech K380 Keyboard,10,3159.66,31596.6
TXN-06-0215,2026-06-08,Logitech MX Master 3S,3,8744.89,26234.67
TXN-06-0216,2026-06-05,Brother HL-L2460DN Printer,10,18190.74,181907.4
TXN-06-0217,2026-06-05,HP E24 G5 Monitor,16,21765.97,348255.52
TXN-06-0218,2026-06-01,Brother HL-L2460DN Printer,7,17196.82,120377.74
TXN-06-0219,2026-06-24,Cisco CBS110 Network Switch,12,8448.91,101386.92
TXN-06-0220,2026-06-29,Brother HL-L2460DN Printer,8,17448.58,139588.64
TXN-06-0221,2026-06-12,Microsoft LifeCam HD-3000,12,3618.89,43426.68
TXN-06-0222,2026-06-28,TP-Link UE300 Ethernet Adapter,19,1195.89,22721.91
TXN-06-0223,2026-06-18,Dell P2425H Monitor,11,19294.66,212241.26
TXN-06-0224,2026-06-09,Dell P2425H Monitor,3,18440.39,55321.17
TXN-06-0225,2026-06-30,Brother HL-L2460DN Printer,9,18012.21,162109.89
TXN-06-0226,2026-06-02,Kingston DataTraveler 64GB,15,700.38,10505.7
TXN-06-0227,2026-06-10,HP E24 G5 Monitor,5,21086.24,105431.2
TXN-06-0228,2026-06-25,SanDisk Extreme Portable SSD 1TB,9,10425.29,93827.61
TXN-06-0229,2026-06-15,Dell P2425H Monitor,17,19350.78,328963.26
TXN-06-0230,2026-06-12,SanDisk Extreme Portable SSD 1TB,10,10014.59,100145.9
TXN-06-0231,2026-06-15,HP E24 G5 Monitor,7,21461.42,150229.94
TXN-06-0232,2026-06-09,Brother HL-L2460DN Printer,1,18307.75,18307.75
TXN-06-0233,2026-06-10,Dell P2425H Monitor,2,19655.8,39311.6
TXN-06-0234,2026-06-25,Brother HL-L2460DN Printer,10,18229.81,182298.1
TXN-06-0235,2026-06-23,Logitech MX Master 3S,16,8800.63,140810.08
TXN-06-0236,2026-06-07,Logitech K380 Keyboard,19,3294.49,62595.31
TXN-06-0237,2026-06-03,Kingston DataTraveler 64GB,11,718.66,7905.26
TXN-06-0238,2026-06-11,Cisco CBS110 Network Switch,1,8177.23,8177.23
TXN-06-0239,2026-06-03,Cisco CBS110 Network Switch,10,8159.87,81598.7
TXN-06-0240,2026-06-14,Microsoft LifeCam HD-3000,11,3666.71,40333.81
TXN-06-0241,2026-06-19,Cisco CBS110 Network Switch,2,8765.72,17531.44
TXN-06-0242,2026-06-09,Kingston DataTraveler 64GB,19,685.26,13019.94
TXN-06-0243,2026-06-12,SanDisk Extreme Portable SSD 1TB,5,10669.61,53348.05
TXN-06-0244,2026-06-25,Cisco CBS110 Network Switch,14,8596.77,120354.78
TXN-06-0245,2026-06-04,Kingston DataTraveler 64GB,14,702.0,9828.0
TXN-06-0246,2026-06-24,HP E24 G5 Monitor,15,20547.01,308205.15
TXN-06-0247,2026-06-18,APC Back-UPS 1100VA,8,9075.07,72600.56
TXN-06-0248,2026-06-10,Jabra Evolve2 40 Headset,18,12659.84,227877.12
TXN-06-0249,2026-06-18,APC Back-UPS 1100VA,5,9038.55,45192.75
TXN-06-0250,2026-06-30,APC Back-UPS 1100VA,15,9424.98,141374.7
TXN-06-0251,2026-06-20,Cisco CBS110 Network Switch,19,8369.06,159012.14
TXN-06-0252,2026-06-10,TP-Link UE300 Ethernet Adapter,16,1220.5,19528.0
TXN-06-0253,2026-06-06,Brother HL-L2460DN Printer,14,17697.07,247758.98
TXN-06-0254,2026-06-24,HP E24 G5 Monitor,5,20985.35,104926.75
TXN-06-0255,2026-06-04,Cisco CBS110 Network Switch,12,8384.77,100617.24
TXN-06-0256,2026-06-02,Jabra Evolve2 40 Headset,9,13023.91,117215.19
TXN-06-0257,2026-06-13,Belkin USB-C 7-in-1 Hub,9,6736.36,60627.24
TXN-06-0258,2026-06-25,Dell P2425H Monitor,16,19919.91,318718.56
TXN-06-0259,2026-06-12,APC Back-UPS 1100VA,4,8864.2,35456.8
TXN-06-0260,2026-06-21,Belkin USB-C 7-in-1 Hub,16,6625.91,106014.56
TXN-06-0261,2026-06-06,Microsoft LifeCam HD-3000,16,3485.25,55764.0
TXN-06-0262,2026-06-22,SanDisk Extreme Portable SSD 1TB,19,10956.66,208176.54
TXN-06-0263,2026-06-05,HP E24 G5 Monitor,5,22232.92,111164.6
TXN-06-0264,2026-06-20,Jabra Evolve2 40 Headset,12,12020.4,144244.8
TXN-06-0265,2026-06-18,APC Back-UPS 1100VA,8,8862.82,70902.56
TXN-06-0266,2026-06-10,TP-Link UE300 Ethernet Adapter,16,1233.07,19729.12
TXN-06-0267,2026-06-30,Dell P2425H Monitor,8,19005.22,152041.76
TXN-06-0268,2026-06-22,HP E24 G5 Monitor,7,22236.82,155657.74
TXN-06-0269,2026-06-12,SanDisk Extreme Portable SSD 1TB,8,10298.76,82390.08
TXN-06-0270,2026-06-05,Logitech K380 Keyboard,12,3243.52,38922.24
TXN-06-0271,2026-06-30,Belkin USB-C 7-in-1 Hub,2,6288.87,12577.74
TXN-06-0272,2026-06-05,Dell P2425H Monitor,19,19924.09,378557.71
TXN-06-0273,2026-06-22,Microsoft LifeCam HD-3000,15,3527.24,52908.6
TXN-06-0274,2026-06-11,Jabra Evolve2 40 Headset,13,12956.15,168429.95
TXN-06-0275,2026-06-23,SanDisk Extreme Portable SSD 1TB,12,10282.67,123392.04
TXN-06-0276,2026-06-06,APC Back-UPS 1100VA,6,9162.17,54973.02
TXN-06-0277,2026-06-14,SanDisk Extreme Portable SSD 1TB,15,10114.33,151714.95
TXN-06-0278,2026-06-15,TP-Link UE300 Ethernet Adapter,17,1216.38,20678.46
TXN-06-0279,2026-06-28,Microsoft LifeCam HD-3000,1,3347.59,3347.59
TXN-06-0280,2026-06-27,Dell P2425H Monitor,12,19540.84,234490.08
TXN-06-0281,2026-06-28,Dell P2425H Monitor,19,19168.28,364197.32
TXN-06-0282,2026-06-24,Brother HL-L2460DN Printer,7,18898.18,132287.26
TXN-06-0283,2026-06-04,SanDisk Extreme Portable SSD 1TB,15,10479.57,157193.55
TXN-06-0284,2026-06-15,TP-Link UE300 Ethernet Adapter,10,1182.49,11824.9
TXN-06-0285,2026-06-11,Jabra Evolve2 40 Headset,1,11937.26,11937.26
TXN-06-0286,2026-06-12,TP-Link UE300 Ethernet Adapter,7,1208.63,8460.41
TXN-06-0287,2026-06-20,Jabra Evolve2 40 Headset,20,12571.39,251427.8
TXN-06-0288,2026-06-24,APC Back-UPS 1100VA,4,9060.18,36240.72
TXN-06-0289,2026-06-03,Cisco CBS110 Network Switch,6,8469.95,50819.7
TXN-06-0290,2026-06-07,Belkin USB-C 7-in-1 Hub,3,6582.49,19747.47
TXN-06-0291,2026-06-04,HP E24 G5 Monitor,4,20885.09,83540.36
TXN-06-0292,2026-06-27,SanDisk Extreme Portable SSD 1TB,15,10088.38,151325.7
TXN-06-0293,2026-06-14,TP-Link UE300 Ethernet Adapter,12,1216.31,14595.72
TXN-06-0294,2026-06-13,APC Back-UPS 1100VA,4,8591.83,34367.32
TXN-06-0295,2026-06-14,Jabra Evolve2 40 Headset,6,13016.99,78101.94
TXN-06-0296,2026-06-08,HP E24 G5 Monitor,10,21099.41,210994.1
TXN-06-0297,2026-06-27,Logitech K380 Keyboard,6,3359.95,20159.7
TXN-06-0298,2026-06-06,Brother HL-L2460DN Printer,2,17444.46,34888.92
TXN-06-0299,2026-06-08,Dell P2425H Monitor,5,18678.54,93392.7
TXN-06-0300,2026-06-02,Microsoft LifeCam HD-3000,17,3623.29,61595.93
TXN-06-0301,2026-06-27,Microsoft LifeCam HD-3000,10,3329.52,33295.2
TXN-06-0302,2026-06-01,Kingston DataTraveler 64GB,15,702.64,10539.6
TXN-06-0303,2026-06-06,Microsoft LifeCam HD-3000,17,3368.4,57262.8
TXN-06-0304,2026-06-26,TP-Link UE300 Ethernet Adapter,11,1240.48,13645.28
TXN-06-0305,2026-06-07,Dell P2425H Monitor,19,18981.2,360642.8
TXN-06-0306,2026-06-03,HP E24 G5 Monitor,5,20577.52,102887.6
TXN-06-0307,2026-06-30,Jabra Evolve2 40 Headset,1,11969.35,11969.35
TXN-06-0308,2026-06-01,Kingston DataTraveler 64GB,10,726.76,7267.6
TXN-06-0309,2026-06-16,SanDisk Extreme Portable SSD 1TB,13,10359.46,134672.98
TXN-06-0310,2026-06-17,TP-Link UE300 Ethernet Adapter,12,1171.23,14054.76
TXN-06-0311,2026-06-02,Microsoft LifeCam HD-3000,13,3493.45,45414.85
TXN-06-0312,2026-06-01,TP-Link UE300 Ethernet Adapter,12,1193.93,14327.16
TXN-06-0313,2026-06-26,APC Back-UPS 1100VA,9,8649.65,77846.85
TXN-06-0314,2026-06-02,Logitech MX Master 3S,7,8827.64,61793.48
TXN-06-0315,2026-06-15,Belkin USB-C 7-in-1 Hub,14,6664.64,93304.96
TXN-06-0316,2026-06-24,Dell P2425H Monitor,12,18849.55,226194.6
TXN-06-0317,2026-06-04,Belkin USB-C 7-in-1 Hub,12,6236.16,74833.92
TXN-06-0318,2026-06-01,SanDisk Extreme Portable SSD 1TB,15,11011.95,165179.25
TXN-06-0319,2026-06-06,Microsoft LifeCam HD-3000,4,3460.14,13840.56
TXN-06-0320,2026-06-29,Dell P2425H Monitor,10,18434.64,184346.4
TXN-06-0321,2026-06-30,Jabra Evolve2 40 Headset,13,12459.24,161970.12
TXN-06-0322,2026-06-07,SanDisk Extreme Portable SSD 1TB,16,10008.38,160134.08
TXN-06-0323,2026-06-14,TP-Link UE300 Ethernet Adapter,16,1159.89,18558.24
TXN-06-0324,2026-06-02,Dell P2425H Monitor,10,18970.71,189707.1
TXN-06-0325,2026-06-03,TP-Link UE300 Ethernet Adapter,15,1198.42,17976.3
TXN-06-0326,2026-06-01,APC Back-UPS 1100VA,7,9069.17,63484.19
TXN-06-0327,2026-06-20,Brother HL-L2460DN Printer,16,17373.17,277970.72
TXN-06-0328,2026-06-13,Cisco CBS110 Network Switch,7,8460.93,59226.51
TXN-06-0329,2026-06-16,Jabra Evolve2 40 Headset,8,12428.34,99426.72
TXN-06-0330,2026-06-21,TP-Link UE300 Ethernet Adapter,11,1164.9,12813.9
TXN-06-0331,2026-06-06,Kingston DataTraveler 64GB,16,697.28,11156.48
TXN-06-0332,2026-06-19,Logitech MX Master 3S,6,8671.72,52030.32
TXN-06-0333,2026-06-24,Jabra Evolve2 40 Headset,9,11996.69,107970.21
TXN-06-0334,2026-06-07,Logitech MX Master 3S,11,8630.37,94934.07
TXN-06-0335,2026-06-02,Cisco CBS110 Network Switch,10,8245.7,82457.0
TXN-06-0336,2026-06-13,SanDisk Extreme Portable SSD 1TB,17,10221.43,173764.31
TXN-06-0337,2026-06-30,Brother HL-L2460DN Printer,5,17127.2,85636.0
TXN-06-0338,2026-06-03,Logitech MX Master 3S,3,9173.42,27520.26
TXN-06-0339,2026-06-05,Cisco CBS110 Network Switch,12,8885.5,106626.0
TXN-06-0340,2026-06-28,Logitech MX Master 3S,1,8941.71,8941.71
TXN-06-0341,2026-06-08,SanDisk Extreme Portable SSD 1TB,1,10961.93,10961.93
TXN-06-0342,2026-06-18,Dell P2425H Monitor,1,19024.75,19024.75
TXN-06-0343,2026-06-10,Jabra Evolve2 40 Headset,5,12029.9,60149.5
TXN-06-0344,2026-06-05,SanDisk Extreme Portable SSD 1TB,13,10967.48,142577.24
TXN-06-0345,2026-06-23,Brother HL-L2460DN Printer,11,18586.71,204453.81
TXN-06-0346,2026-06-30,APC Back-UPS 1100VA,8,8645.18,69161.44
TXN-06-0347,2026-06-02,TP-Link UE300 Ethernet Adapter,13,1209.21,15719.73
TXN-06-0348,2026-06-09,TP-Link UE300 Ethernet Adapter,2,1195.87,2391.74
TXN-06-0349,2026-06-09,Microsoft LifeCam HD-3000,5,3336.96,16684.8
TXN-06-0350,2026-06-15,Logitech K380 Keyboard,14,3273.11,45823.54
TXN-06-0351,2026-06-12,Cisco CBS110 Network Switch,6,8748.41,52490.46
TXN-06-0352,2026-06-12,APC Back-UPS 1100VA,19,8581.99,163057.81
TXN-06-0353,2026-06-16,Logitech K380 Keyboard,13,3223.08,41900.04
TXN-06-0354,2026-06-03,Logitech K380 Keyboard,11,3290.67,36197.37
TXN-06-0355,2026-06-28,Jabra Evolve2 40 Headset,8,12737.84,101902.72
TXN-06-0356,2026-06-04,Logitech K380 Keyboard,12,3250.23,39002.76
TXN-06-0357,2026-06-05,Logitech K380 Keyboard,13,3185.37,41409.81
TXN-06-0358,2026-06-20,APC Back-UPS 1100VA,9,8915.6,80240.4
TXN-06-0359,2026-06-08,Brother HL-L2460DN Printer,8,18072.99,144583.92
TXN-06-0360,2026-06-20,Microsoft LifeCam HD-3000,12,3370.0,40440.0
TXN-06-0361,2026-06-27,Belkin USB-C 7-in-1 Hub,1,6752.98,6752.98
TXN-06-0362,2026-06-15,Microsoft LifeCam HD-3000,16,3581.42,57302.72
TXN-06-0363,2026-06-18,Dell P2425H Monitor,17,18537.18,315132.06
TXN-06-0364,2026-06-13,Logitech MX Master 3S,6,8583.74,51502.44
TXN-06-0365,2026-06-09,HP E24 G5 Monitor,11,22266.61,244932.71
TXN-06-0366,2026-06-04,Microsoft LifeCam HD-3000,3,3367.04,10101.12
TXN-06-0367,2026-06-06,Logitech K380 Keyboard,12,3376.03,40512.36
TXN-06-0368,2026-06-27,HP E24 G5 Monitor,13,20440.1,265721.3
TXN-06-0369,2026-06-07,APC Back-UPS 1100VA,12,9444.03,113328.36
TXN-06-0370,2026-06-03,Dell P2425H Monitor,5,18064.69,90323.45
TXN-06-0371,2026-06-23,Logitech MX Master 3S,18,8732.4,157183.2
TXN-06-0372,2026-06-08,Brother HL-L2460DN Printer,5,17517.55,87587.75
TXN-06-0373,2026-06-25,Belkin USB-C 7-in-1 Hub,13,6669.91,86708.83
TXN-06-0374,2026-06-16,Logitech MX Master 3S,9,9443.41,84990.69
TXN-06-0375,2026-06-26,Kingston DataTraveler 64GB,2,733.21,1466.42
TXN-06-0376,2026-06-16,TP-Link UE300 Ethernet Adapter,18,1255.07,22591.26
TXN-06-0377,2026-06-16,Belkin USB-C 7-in-1 Hub,1,6743.36,6743.36
TXN-06-0378,2026-06-20,APC Back-UPS 1100VA,9,8593.2,77338.8
TXN-06-0379,2026-06-20,Cisco CBS110 Network Switch,10,8870.81,88708.1
TXN-06-0380,2026-06-19,Brother HL-L2460DN Printer,6,18362.1,110172.6
TXN-06-0381,2026-06-24,HP E24 G5 Monitor,18,21985.7,395742.6
TXN-06-0382,2026-06-20,Belkin USB-C 7-in-1 Hub,17,6654.08,113119.36
TXN-06-0383,2026-06-14,Brother HL-L2460DN Printer,15,17873.6,268104.0
TXN-06-0384,2026-06-02,Kingston DataTraveler 64GB,14,665.98,9323.72
TXN-06-0385,2026-06-03,Brother HL-L2460DN Printer,13,17597.68,228769.84
TXN-06-0386,2026-06-22,Microsoft LifeCam HD-3000,5,3504.81,17524.05
TXN-06-0387,2026-06-20,Microsoft LifeCam HD-3000,1,3341.43,3341.43
TXN-06-0388,2026-06-05,Belkin USB-C 7-in-1 Hub,11,6454.8,71002.8
TXN-06-0389,2026-06-01,Microsoft LifeCam HD-3000,17,3453.17,58703.89
TXN-06-0390,2026-06-11,Belkin USB-C 7-in-1 Hub,10,6679.71,66797.1
TXN-06-0391,2026-06-23,Logitech K380 Keyboard,11,3203.57,35239.27
TXN-06-0392,2026-06-15,Cisco CBS110 Network Switch,9,8130.98,73178.82
TXN-06-0393,2026-06-22,TP-Link UE300 Ethernet Adapter,8,1195.87,9566.96
TXN-06-0394,2026-06-06,Logitech MX Master 3S,8,9219.54,73756.32
TXN-06-0395,2026-06-06,HP E24 G5 Monitor,1,22389.33,22389.33
TXN-06-0396,2026-06-27,Logitech K380 Keyboard,4,3461.23,13844.92
TXN-06-0397,2026-06-13,Jabra Evolve2 40 Headset,9,12671.83,114046.47
TXN-06-0398,2026-06-06,Microsoft LifeCam HD-3000,14,3475.6,48658.4
TXN-06-0399,2026-06-20,HP E24 G5 Monitor,10,22019.06,220190.6
TXN-06-0400,2026-06-01,Jabra Evolve2 40 Headset,18,13029.6,234532.8
TXN-06-0401,2026-06-21,Kingston DataTraveler 64GB,3,726.68,2180.04
TXN-06-0402,2026-06-08,Belkin USB-C 7-in-1 Hub,5,6380.07,31900.35
TXN-06-0403,2026-06-17,Brother HL-L2460DN Printer,5,17992.84,89964.2
TXN-06-0404,2026-06-25,SanDisk Extreme Portable SSD 1TB,17,10068.68,171167.56
TXN-06-0405,2026-06-09,Brother HL-L2460DN Printer,16,18411.43,294582.88
TXN-06-0406,2026-06-08,TP-Link UE300 Ethernet Adapter,20,1174.42,23488.4
TXN-06-0407,2026-06-12,Brother HL-L2460DN Printer,13,17915.5,232901.5
TXN-06-0408,2026-06-13,Microsoft LifeCam HD-3000,19,3453.82,65622.58
TXN-06-0409,2026-06-26,HP E24 G5 Monitor,11,20523.58,225759.38
TXN-06-0410,2026-06-07,Cisco CBS110 Network Switch,12,8675.63,104107.56
TXN-06-0411,2026-06-22,Jabra Evolve2 40 Headset,4,12787.73,51150.92
TXN-06-0412,2026-06-21,APC Back-UPS 1100VA,17,9404.53,159877.01
TXN-06-0413,2026-06-11,Belkin USB-C 7-in-1 Hub,17,6495.97,110431.49
TXN-06-0414,2026-06-04,Brother HL-L2460DN Printer,4,17693.34,70773.36
TXN-06-0415,2026-06-23,SanDisk Extreme Portable SSD 1TB,14,10019.01,140266.14
TXN-06-0416,2026-06-30,Dell P2425H Monitor,5,18732.94,93664.7
TXN-06-0417,2026-06-21,Microsoft LifeCam HD-3000,2,3414.49,6828.98
TXN-06-0418,2026-06-02,Brother HL-L2460DN Printer,5,17832.8,89164.0
TXN-06-0419,2026-06-22,APC Back-UPS 1100VA,9,8780.99,79028.91
TXN-06-0420,2026-06-10,SanDisk Extreme Portable SSD 1TB,4,10288.41,41153.64
TXN-06-0421,2026-06-12,Belkin USB-C 7-in-1 Hub,1,6815.24,6815.24
TXN-06-0422,2026-06-19,Kingston DataTraveler 64GB,7,667.85,4674.95
TXN-06-0423,2026-06-01,HP E24 G5 Monitor,7,21846.33,152924.31
TXN-06-0424,2026-06-29,Dell P2425H Monitor,17,19850.27,337454.59
TXN-06-0425,2026-06-14,Dell P2425H Monitor,13,19384.02,251992.26
TXN-06-0426,2026-06-30,Microsoft LifeCam HD-3000,12,3487.04,41844.48
TXN-06-0427,2026-06-21,Microsoft LifeCam HD-3000,8,3482.91,27863.28
TXN-06-0428,2026-06-04,APC Back-UPS 1100VA,4,8671.84,34687.36
TXN-06-0429,2026-06-12,APC Back-UPS 1100VA,5,8660.08,43300.4
TXN-06-0430,2026-06-27,Logitech MX Master 3S,14,8867.23,124141.22
TXN-06-0431,2026-06-21,Jabra Evolve2 40 Headset,9,12255.37,110298.33
TXN-06-0432,2026-06-09,Belkin USB-C 7-in-1 Hub,19,6242.27,118603.13
TXN-06-0433,2026-06-21,SanDisk Extreme Portable SSD 1TB,17,10909.16,185455.72
TXN-06-0434,2026-06-20,Jabra Evolve2 40 Headset,3,12271.14,36813.42
TXN-06-0435,2026-06-20,TP-Link UE300 Ethernet Adapter,7,1197.3,8381.1
TXN-06-0436,2026-06-14,SanDisk Extreme Portable SSD 1TB,15,10548.59,158228.85
TXN-06-0437,2026-06-26,APC Back-UPS 1100VA,5,9320.47,46602.35
TXN-06-0438,2026-06-16,APC Back-UPS 1100VA,9,8576.69,77190.21
TXN-06-0439,2026-06-17,Logitech K380 Keyboard,2,3429.43,6858.86
TXN-06-0440,2026-06-06,Logitech K380 Keyboard,2,3314.7,6629.4
TXN-06-0441,2026-06-08,Brother HL-L2460DN Printer,4,17297.81,69191.24
TXN-06-0442,2026-06-21,Cisco CBS110 Network Switch,2,8334.44,16668.88
TXN-06-0443,2026-06-05,Brother HL-L2460DN Printer,8,18322.41,146579.28
TXN-06-0444,2026-06-14,Cisco CBS110 Network Switch,4,8624.63,34498.52
TXN-06-0445,2026-06-23,Jabra Evolve2 40 Headset,10,12253.63,122536.3
TXN-06-0446,2026-06-30,Brother HL-L2460DN Printer,15,18329.75,274946.25
TXN-06-0447,2026-06-11,Logitech K380 Keyboard,7,3195.87,22371.09
TXN-06-0448,2026-06-05,Cisco CBS110 Network Switch,15,8562.2,128433.0
TXN-06-0449,2026-06-09,Microsoft LifeCam HD-3000,10,3436.07,34360.7
TXN-06-0450,2026-06-29,TP-Link UE300 Ethernet Adapter,14,1222.03,17108.42
TXN-06-0451,2026-06-19,Cisco CBS110 Network Switch,9,8414.79,75733.11
TXN-06-0452,2026-06-06,Brother HL-L2460DN Printer,20,18401.03,368020.6
TXN-06-0453,2026-06-04,Dell P2425H Monitor,17,19717.66,335200.22
TXN-06-0454,2026-06-07,Kingston DataTraveler 64GB,17,732.21,12447.57
TXN-06-0455,2026-06-12,Logitech K380 Keyboard,2,3388.31,6776.62
TXN-06-0456,2026-06-04,Jabra Evolve2 40 Headset,15,12043.94,180659.1
TXN-06-0457,2026-06-21,Kingston DataTraveler 64GB,19,693.59,13178.21
TXN-06-0458,2026-06-12,APC Back-UPS 1100VA,10,8597.59,85975.9
TXN-06-0459,2026-06-21,Microsoft LifeCam HD-3000,19,3389.41,64398.79
TXN-06-0460,2026-06-26,Brother HL-L2460DN Printer,4,18563.85,74255.4
TXN-06-0461,2026-06-12,APC Back-UPS 1100VA,19,8611.92,163626.48
TXN-06-0462,2026-06-26,HP E24 G5 Monitor,18,21753.02,391554.36
TXN-06-0463,2026-06-23,Logitech MX Master 3S,2,8628.5,17257.0
TXN-06-0464,2026-06-11,Dell P2425H Monitor,18,19703.14,354656.52
TXN-06-0465,2026-06-10,HP E24 G5 Monitor,18,21537.16,387668.88
TXN-06-0466,2026-06-22,Logitech K380 Keyboard,1,3302.08,3302.08
TXN-06-0467,2026-06-27,SanDisk Extreme Portable SSD 1TB,13,10143.49,131865.37
TXN-06-0468,2026-06-12,Belkin USB-C 7-in-1 Hub,16,6684.57,106953.12
TXN-06-0469,2026-06-23,APC Back-UPS 1100VA,1,9355.98,9355.98
TXN-06-0470,2026-06-28,Dell P2425H Monitor,4,18176.59,72706.36
TXN-06-0471,2026-06-21,Microsoft LifeCam HD-3000,9,3541.74,31875.66
TXN-06-0472,2026-06-28,Jabra Evolve2 40 Headset,8,12776.16,102209.28
TXN-06-0473,2026-06-12,SanDisk Extreme Portable SSD 1TB,12,10376.91,124522.92
TXN-06-0474,2026-06-10,TP-Link UE300 Ethernet Adapter,13,1176.24,15291.12
TXN-06-0475,2026-06-06,Logitech MX Master 3S,11,8835.7,97192.7
TXN-06-0476,2026-06-28,Brother HL-L2460DN Printer,17,17846.37,303388.29
TXN-06-0477,2026-06-23,Dell P2425H Monitor,12,18326.49,219917.88
TXN-06-0478,2026-06-16,SanDisk Extreme Portable SSD 1TB,8,10146.67,81173.36
TXN-06-0479,2026-06-28,Kingston DataTraveler 64GB,16,727.13,11634.08
TXN-06-0480,2026-06-12,APC Back-UPS 1100VA,8,8638.72,69109.76
TXN-06-0481,2026-06-18,Logitech MX Master 3S,19,9256.58,175875.02
TXN-06-0482,2026-06-19,Belkin USB-C 7-in-1 Hub,17,6454.84,109732.28
TXN-06-0483,2026-06-03,Dell P2425H Monitor,3,19716.56,59149.68
TXN-06-0484,2026-06-21,Cisco CBS110 Network Switch,4,8911.31,35645.24
TXN-06-0485,2026-06-04,Jabra Evolve2 40 Headset,12,12579.97,150959.64
TXN-06-0486,2026-06-19,Cisco CBS110 Network Switch,19,8519.83,161876.77
TXN-06-0487,2026-06-23,Brother HL-L2460DN Printer,4,17452.38,69809.52
TXN-06-0488,2026-06-19,Jabra Evolve2 40 Headset,9,12818.04,115362.36
TXN-06-0489,2026-06-29,HP E24 G5 Monitor,10,20506.77,205067.7
TXN-06-0490,2026-06-14,Logitech K380 Keyboard,10,3138.74,31387.4
TXN-06-0491,2026-06-03,Logitech MX Master 3S,3,8928.29,26784.87
TXN-06-0492,2026-06-19,SanDisk Extreme Portable SSD 1TB,18,10227.2,184089.6
TXN-06-0493,2026-06-01,Kingston DataTraveler 64GB,20,712.95,14259.0
TXN-06-0494,2026-06-05,Logitech MX Master 3S,11,9064.89,99713.79
TXN-06-0495,2026-06-11,Dell P2425H Monitor,13,19597.57,254768.41
TXN-06-0496,2026-06-30,Cisco CBS110 Network Switch,11,8303.69,91340.59
TXN-06-0497,2026-06-22,Logitech MX Master 3S,11,8836.14,97197.54
TXN-06-0498,2026-06-23,Microsoft LifeCam HD-3000,14,3594.42,50321.88
TXN-06-0499,2026-06-07,Brother HL-L2460DN Printer,8,17741.11,141928.88
TXN-06-0500,2026-06-18,TP-Link UE300 Ethernet Adapter,7,1177.8,8244.6
TXN-06-0501,2026-06-21,Logitech K380 Keyboard,2,3248.68,6497.36
TXN-06-0502,2026-06-11,SanDisk Extreme Portable SSD 1TB,16,10243.44,163895.04
TXN-06-0503,2026-06-24,Brother HL-L2460DN Printer,8,18359.49,146875.92
TXN-06-0504,2026-06-12,Dell P2425H Monitor,13,18953.55,246396.15
TXN-06-0505,2026-06-09,Logitech MX Master 3S,5,8625.59,43127.95
TXN-06-0506,2026-06-12,Logitech MX Master 3S,6,8990.43,53942.58
TXN-06-0507,2026-06-22,Microsoft LifeCam HD-3000,9,3653.13,32878.17
TXN-06-0508,2026-06-09,TP-Link UE300 Ethernet Adapter,17,1193.31,20286.27
TXN-06-0509,2026-06-28,APC Back-UPS 1100VA,9,8859.16,79732.44
TXN-06-0510,2026-06-13,Microsoft LifeCam HD-3000,2,3532.11,7064.22
TXN-06-0511,2026-06-22,HP E24 G5 Monitor,2,21952.12,43904.24
TXN-06-0512,2026-06-21,APC Back-UPS 1100VA,4,8934.12,35736.48
TXN-06-0513,2026-06-14,Dell P2425H Monitor,17,18791.16,319449.72
TXN-06-0514,2026-06-05,SanDisk Extreme Portable SSD 1TB,18,10029.54,180531.72
TXN-06-0515,2026-06-10,Dell P2425H Monitor,7,18959.12,132713.84
TXN-06-0516,2026-06-28,Kingston DataTraveler 64GB,10,669.52,6695.2
TXN-06-0517,2026-06-09,HP E24 G5 Monitor,11,21012.85,231141.35
TXN-06-0518,2026-06-24,Microsoft LifeCam HD-3000,9,3397.22,30574.98
TXN-06-0519,2026-06-28,Dell P2425H Monitor,19,18452.41,350595.79
TXN-06-0520,2026-06-17,Kingston DataTraveler 64GB,19,708.5,13461.5
TXN-06-0521,2026-06-05,Brother HL-L2460DN Printer,16,18821.74,301147.84
TXN-06-0522,2026-06-11,Belkin USB-C 7-in-1 Hub,3,6284.39,18853.17
TXN-06-0523,2026-06-06,Dell P2425H Monitor,4,18154.95,72619.8
TXN-06-0524,2026-06-28,Brother HL-L2460DN Printer,19,18882.67,358770.73
TXN-06-0525,2026-06-23,Microsoft LifeCam HD-3000,20,3527.86,70557.2
TXN-06-0526,2026-06-01,TP-Link UE300 Ethernet Adapter,12,1193.05,14316.6
TXN-06-0527,2026-06-29,Jabra Evolve2 40 Headset,12,12438.99,149267.88
TXN-06-0528,2026-06-07,Logitech MX Master 3S,9,9180.61,82625.49
TXN-06-0529,2026-06-16,APC Back-UPS 1100VA,4,9301.12,37204.48
TXN-06-0530,2026-06-16,Logitech MX Master 3S,5,8885.07,44425.35
TXN-06-0531,2026-06-04,Logitech MX Master 3S,3,9296.0,27888.0
TXN-06-0532,2026-06-01,Cisco CBS110 Network Switch,14,8275.42,115855.88
TXN-06-0533,2026-06-15,Belkin USB-C 7-in-1 Hub,8,6287.84,50302.72
TXN-06-0534,2026-06-25,HP E24 G5 Monitor,19,21074.45,400414.55
TXN-06-0535,2026-06-21,Dell P2425H Monitor,8,18943.66,151549.28
TXN-06-0536,2026-06-09,SanDisk Extreme Portable SSD 1TB,1,10387.4,10387.4
TXN-06-0537,2026-06-16,Logitech K380 Keyboard,3,3317.38,9952.14
TXN-06-0538,2026-06-28,Cisco CBS110 Network Switch,4,8733.87,34935.48
TXN-06-0539,2026-06-15,APC Back-UPS 1100VA,1,9252.2,9252.2
TXN-06-0540,2026-06-10,Logitech MX Master 3S,20,9111.64,182232.8
TXN-06-0541,2026-06-10,Microsoft LifeCam HD-3000,12,3527.25,42327.0
TXN-06-0542,2026-06-02,SanDisk Extreme Portable SSD 1TB,13,10935.88,142166.44
TXN-06-0543,2026-06-18,Logitech MX Master 3S,3,9026.89,27080.67
TXN-06-0544,2026-06-18,Logitech K380 Keyboard,16,3179.14,50866.24
TXN-06-0545,2026-06-05,Dell P2425H Monitor,13,18721.66,243381.58
TXN-06-0546,2026-06-22,HP E24 G5 Monitor,9,21797.85,196180.65
TXN-06-0547,2026-06-24,Logitech K380 Keyboard,8,3360.21,26881.68
TXN-06-0548,2026-06-22,Belkin USB-C 7-in-1 Hub,7,6768.04,47376.28
TXN-06-0549,2026-06-12,SanDisk Extreme Portable SSD 1TB,14,10621.52,148701.28
TXN-06-0550,2026-06-30,Kingston DataTraveler 64GB,7,690.53,4833.71
TXN-06-0551,2026-06-20,TP-Link UE300 Ethernet Adapter,20,1228.64,24572.8
TXN-06-0552,2026-06-08,Kingston DataTraveler 64GB,10,691.03,6910.3
TXN-06-0553,2026-06-22,Logitech K380 Keyboard,7,3443.8,24106.6
TXN-06-0554,2026-06-28,Belkin USB-C 7-in-1 Hub,13,6797.93,88373.09
TXN-06-0555,2026-06-06,Jabra Evolve2 40 Headset,16,12742.28,203876.48
TXN-06-0556,2026-06-01,Microsoft LifeCam HD-3000,2,3572.33,7144.66
TXN-06-0557,2026-06-15,Logitech K380 Keyboard,6,3328.28,19969.68
TXN-06-0558,2026-06-16,Logitech K380 Keyboard,18,3165.9,56986.2
TXN-06-0559,2026-06-30,SanDisk Extreme Portable SSD 1TB,19,10755.36,204351.84
TXN-06-0560,2026-06-24,SanDisk Extreme Portable SSD 1TB,17,10990.99,186846.83
TXN-06-0561,2026-06-15,Logitech MX Master 3S,1,8791.93,8791.93
TXN-06-0562,2026-06-04,TP-Link UE300 Ethernet Adapter,10,1210.93,12109.3
TXN-06-0563,2026-06-18,Belkin USB-C 7-in-1 Hub,1,6779.79,6779.79
TXN-06-0564,2026-06-11,HP E24 G5 Monitor,6,20695.65,124173.9
TXN-06-0565,2026-06-12,Brother HL-L2460DN Printer,6,18369.98,110219.88
TXN-06-0566,2026-06-28,Jabra Evolve2 40 Headset,12,12143.9,145726.8
TXN-06-0567,2026-06-12,Belkin USB-C 7-in-1 Hub,9,6206.9,55862.1
TXN-06-0568,2026-06-15,Brother HL-L2460DN Printer,3,17111.15,51333.45
TXN-06-0569,2026-06-12,Cisco CBS110 Network Switch,6,8570.08,51420.48
TXN-06-0570,2026-06-28,Belkin USB-C 7-in-1 Hub,4,6791.05,27164.2
TXN-06-0571,2026-06-09,APC Back-UPS 1100VA,5,9228.42,46142.1
TXN-06-0572,2026-06-03,Brother HL-L2460DN Printer,2,18826.06,37652.12
TXN-06-0573,2026-06-19,SanDisk Extreme Portable SSD 1TB,15,10589.67,158845.05
TXN-06-0574,2026-06-26,Logitech MX Master 3S,9,8727.22,78544.98
TXN-06-0575,2026-06-15,Belkin USB-C 7-in-1 Hub,15,6341.95,95129.25
TXN-06-0576,2026-06-06,HP E24 G5 Monitor,20,21526.62,430532.4
TXN-06-0577,2026-06-18,Brother HL-L2460DN Printer,8,17646.34,141170.72
TXN-06-0578,2026-06-06,Brother HL-L2460DN Printer,6,18868.69,113212.14
TXN-06-0579,2026-06-07,Cisco CBS110 Network Switch,13,8198.66,106582.58
TXN-06-0580,2026-06-09,Microsoft LifeCam HD-3000,2,3598.33,7196.66
TXN-06-0581,2026-06-25,Microsoft LifeCam HD-3000,8,3611.4,28891.2
TXN-06-0582,2026-06-14,APC Back-UPS 1100VA,13,9355.73,121624.49
TXN-06-0583,2026-06-24,Kingston DataTraveler 64GB,14,675.95,9463.3
TXN-06-0584,2026-06-04,Logitech MX Master 3S,17,9016.52,153280.84
TXN-06-0585,2026-06-16,Jabra Evolve2 40 Headset,3,12583.63,37750.89
TXN-06-0586,2026-06-26,Logitech MX Master 3S,4,8917.77,35671.08
TXN-06-0587,2026-06-21,Brother HL-L2460DN Printer,5,17256.42,86282.1
TXN-06-0588,2026-06-12,Brother HL-L2460DN Printer,6,17432.99,104597.94
TXN-06-0589,2026-06-08,Logitech K380 Keyboard,13,3298.54,42881.02
TXN-06-0590,2026-06-12,Jabra Evolve2 40 Headset,4,12021.94,48087.76
TXN-06-0591,2026-06-17,SanDisk Extreme Portable SSD 1TB,2,10980.2,21960.4
TXN-06-0592,2026-06-25,TP-Link UE300 Ethernet Adapter,11,1171.73,12889.03
TXN-06-0593,2026-06-09,Logitech MX Master 3S,18,9217.71,165918.78
TXN-06-0594,2026-06-01,SanDisk Extreme Portable SSD 1TB,20,10043.33,200866.6
TXN-06-0595,2026-06-10,Kingston DataTraveler 64GB,10,703.28,7032.8
TXN-06-0596,2026-06-06,Brother HL-L2460DN Printer,1,18346.29,18346.29
TXN-06-0597,2026-06-17,Brother HL-L2460DN Printer,14,17367.05,243138.7
TXN-06-0598,2026-06-02,Brother HL-L2460DN Printer,5,18733.54,93667.7
TXN-06-0599,2026-06-10,HP E24 G5 Monitor,5,22081.31,110406.55
TXN-06-0600,2026-06-14,Dell P2425H Monitor,19,19658.32,373508.08
TXN-06-0601,2026-06-29,Logitech MX Master 3S,3,8566.58,25699.74
TXN-06-0602,2026-06-15,SanDisk Extreme Portable SSD 1TB,11,10587.76,116465.36
TXN-06-0603,2026-06-22,Cisco CBS110 Network Switch,17,8347.36,141905.12
TXN-06-0604,2026-06-17,Dell P2425H Monitor,16,19787.26,316596.16
TXN-06-0605,2026-06-03,Microsoft LifeCam HD-3000,16,3661.75,58588.0
TXN-06-0606,2026-06-27,Dell P2425H Monitor,3,18169.48,54508.44
TXN-06-0607,2026-06-07,SanDisk Extreme Portable SSD 1TB,19,9974.25,189510.75
TXN-06-0608,2026-06-08,Brother HL-L2460DN Printer,1,17262.65,17262.65
TXN-06-0609,2026-06-29,Cisco CBS110 Network Switch,8,8762.71,70101.68
TXN-06-0610,2026-06-10,Logitech MX Master 3S,1,8970.52,8970.52
TXN-06-0611,2026-06-07,HP E24 G5 Monitor,14,22210.81,310951.34
TXN-06-0612,2026-06-29,Logitech MX Master 3S,3,9295.36,27886.08
TXN-06-0613,2026-06-22,HP E24 G5 Monitor,20,21906.02,438120.4
TXN-06-0614,2026-06-29,SanDisk Extreme Portable SSD 1TB,8,10756.15,86049.2
TXN-06-0615,2026-06-12,Belkin USB-C 7-in-1 Hub,20,6699.97,133999.4
TXN-06-0616,2026-06-07,Microsoft LifeCam HD-3000,8,3556.68,28453.44
TXN-06-0617,2026-06-13,TP-Link UE300 Ethernet Adapter,13,1152.53,14982.89
TXN-06-0618,2026-06-27,TP-Link UE300 Ethernet Adapter,15,1189.45,17841.75
TXN-06-0619,2026-06-12,APC Back-UPS 1100VA,1,8777.95,8777.95
TXN-06-0620,2026-06-11,Jabra Evolve2 40 Headset,5,11985.98,59929.9
TXN-06-0621,2026-06-11,Jabra Evolve2 40 Headset,2,12996.6,25993.2
TXN-06-0622,2026-06-01,APC Back-UPS 1100VA,14,8664.48,121302.72
TXN-06-0623,2026-06-24,TP-Link UE300 Ethernet Adapter,11,1176.35,12939.85
TXN-06-0624,2026-06-16,HP E24 G5 Monitor,12,22111.11,265333.32
TXN-06-0625,2026-06-19,Kingston DataTraveler 64GB,12,717.48,8609.76
TXN-06-0626,2026-06-04,Dell P2425H Monitor,6,19515.5,117093.0
TXN-06-0627,2026-06-20,Jabra Evolve2 40 Headset,5,12514.12,62570.6
TXN-06-0628,2026-06-25,Jabra Evolve2 40 Headset,7,12341.08,86387.56
TXN-06-0629,2026-06-20,TP-Link UE300 Ethernet Adapter,13,1141.34,14837.42
TXN-06-0630,2026-06-24,HP E24 G5 Monitor,19,20896.08,397025.52
TXN-06-0631,2026-06-28,HP E24 G5 Monitor,6,20724.05,124344.3
TXN-06-0632,2026-06-02,SanDisk Extreme Portable SSD 1TB,8,10870.47,86963.76
TXN-06-0633,2026-06-02,Microsoft LifeCam HD-3000,18,3604.16,64874.88
TXN-06-0634,2026-06-07,Microsoft LifeCam HD-3000,14,3353.76,46952.64
TXN-06-0635,2026-06-27,HP E24 G5 Monitor,11,21676.96,238446.56
TXN-06-0636,2026-06-23,Dell P2425H Monitor,17,19281.57,327786.69
TXN-06-0637,2026-06-04,Brother HL-L2460DN Printer,15,17483.85,262257.75
TXN-06-0638,2026-06-06,Jabra Evolve2 40 Headset,12,12091.54,145098.48
TXN-06-0639,2026-06-21,Cisco CBS110 Network Switch,2,8690.43,17380.86
TXN-06-0640,2026-06-16,HP E24 G5 Monitor,2,20561.61,41123.22
TXN-06-0641,2026-06-02,Belkin USB-C 7-in-1 Hub,8,6640.16,53121.28
TXN-06-0642,2026-06-17,Logitech MX Master 3S,8,8677.77,69422.16
TXN-06-0643,2026-06-11,Belkin USB-C 7-in-1 Hub,15,6379.53,95692.95
TXN-06-0644,2026-06-14,Jabra Evolve2 40 Headset,12,12651.71,151820.52
TXN-06-0645,2026-06-15,TP-Link UE300 Ethernet Adapter,9,1139.34,10254.06
TXN-06-0646,2026-06-02,Jabra Evolve2 40 Headset,10,13079.75,130797.5
TXN-06-0647,2026-06-17,Logitech MX Master 3S,16,9094.44,145511.04
TXN-06-0648,2026-06-13,HP E24 G5 Monitor,15,20909.59,313643.85
TXN-06-0649,2026-06-24,Logitech MX Master 3S,13,8793.75,114318.75
TXN-06-0650,2026-06-15,TP-Link UE300 Ethernet Adapter,9,1229.68,11067.12
TXN-06-0651,2026-06-02,APC Back-UPS 1100VA,6,9250.35,55502.1
TXN-06-0652,2026-06-30,TP-Link UE300 Ethernet Adapter,10,1247.11,12471.1
TXN-06-0653,2026-06-12,TP-Link UE300 Ethernet Adapter,5,1156.71,5783.55
TXN-06-0654,2026-06-11,Cisco CBS110 Network Switch,4,8598.99,34395.96
TXN-06-0655,2026-06-24,HP E24 G5 Monitor,17,20731.62,352437.54
TXN-06-0656,2026-06-01,Logitech K380 Keyboard,7,3231.51,22620.57
TXN-06-0657,2026-06-05,Logitech K380 Keyboard,5,3316.98,16584.9
TXN-06-0658,2026-06-15,Logitech MX Master 3S,1,8946.38,8946.38
TXN-06-0659,2026-06-23,Jabra Evolve2 40 Headset,5,11929.53,59647.65
TXN-06-0660,2026-06-27,Jabra Evolve2 40 Headset,18,12157.39,218833.02
TXN-06-0661,2026-06-14,TP-Link UE300 Ethernet Adapter,9,1243.67,11193.03
TXN-06-0662,2026-06-14,Kingston DataTraveler 64GB,8,715.47,5723.76
TXN-06-0663,2026-06-28,Brother HL-L2460DN Printer,11,18348.97,201838.67
TXN-06-0664,2026-06-14,HP E24 G5 Monitor,1,20697.06,20697.06
TXN-06-0665,2026-06-14,APC Back-UPS 1100VA,15,8773.7,131605.5
TXN-06-0666,2026-06-25,Belkin USB-C 7-in-1 Hub,9,6549.66,58946.94
TXN-06-0667,2026-06-16,SanDisk Extreme Portable SSD 1TB,12,10442.32,125307.84
TXN-06-0668,2026-06-02,Belkin USB-C 7-in-1 Hub,14,6689.86,93658.04
TXN-06-0669,2026-06-04,Brother HL-L2460DN Printer,16,18168.19,290691.04
TXN-06-0670,2026-06-30,APC Back-UPS 1100VA,11,8848.65,97335.15
TXN-06-0671,2026-06-02,Dell P2425H Monitor,11,19685.37,216539.07
TXN-06-0672,2026-06-04,Belkin USB-C 7-in-1 Hub,3,6213.53,18640.59
TXN-06-0673,2026-06-15,SanDisk Extreme Portable SSD 1TB,11,10338.44,113722.84
TXN-06-0674,2026-06-16,Logitech MX Master 3S,20,9242.22,184844.4
TXN-06-0675,2026-06-04,Kingston DataTraveler 64GB,17,676.71,11504.07
TXN-06-0676,2026-06-05,Logitech K380 Keyboard,15,3446.14,51692.1
TXN-06-0677,2026-06-12,HP E24 G5 Monitor,10,22163.43,221634.3
TXN-06-0678,2026-06-10,Brother HL-L2460DN Printer,4,17808.32,71233.28
TXN-06-0679,2026-06-24,HP E24 G5 Monitor,17,21870.38,371796.46
TXN-06-0680,2026-06-27,APC Back-UPS 1100VA,20,9275.64,185512.8
TXN-06-0681,2026-06-03,Belkin USB-C 7-in-1 Hub,6,6739.21,40435.26
TXN-06-0682,2026-06-03,Logitech K380 Keyboard,16,3452.91,55246.56
TXN-06-0683,2026-06-23,Dell P2425H Monitor,8,18752.03,150016.24
TXN-06-0684,2026-06-16,Jabra Evolve2 40 Headset,16,12928.35,206853.6
TXN-06-0685,2026-06-14,Belkin USB-C 7-in-1 Hub,19,6326.0,120194.0
TXN-06-0686,2026-06-11,Jabra Evolve2 40 Headset,2,13047.56,26095.12
TXN-06-0687,2026-06-13,Brother HL-L2460DN Printer,4,18876.72,75506.88
TXN-06-0688,2026-06-06,HP E24 G5 Monitor,2,21381.08,42762.16
TXN-06-0689,2026-06-04,Kingston DataTraveler 64GB,15,729.08,10936.2
TXN-06-0690,2026-06-17,Cisco CBS110 Network Switch,7,8724.6,61072.2
TXN-06-0691,2026-06-11,Logitech K380 Keyboard,9,3392.1,30528.9
TXN-06-0692,2026-06-24,Dell P2425H Monitor,7,18923.22,132462.54
TXN-06-0693,2026-06-15,Jabra Evolve2 40 Headset,13,13117.29,170524.77
TXN-06-0694,2026-06-03,SanDisk Extreme Portable SSD 1TB,20,10296.7,205934.0
TXN-06-0695,2026-06-25,Cisco CBS110 Network Switch,7,8483.63,59385.41
TXN-06-0696,2026-06-27,APC Back-UPS 1100VA,2,8871.36,17742.72
TXN-06-0697,2026-06-28,TP-Link UE300 Ethernet Adapter,6,1255.94,7535.64
TXN-06-0698,2026-06-24,Brother HL-L2460DN Printer,13,18543.07,241059.91
TXN-06-0699,2026-06-14,Jabra Evolve2 40 Headset,13,12157.68,158049.84
TXN-06-0700,2026-06-27,Jabra Evolve2 40 Headset,9,12840.81,115567.29
TXN-06-0701,2026-06-19,Brother HL-L2460DN Printer,2,17967.5,35935.0
TXN-06-0702,2026-06-18,Kingston DataTraveler 64GB,16,684.34,10949.44
TXN-06-0703,2026-06-26,Brother HL-L2460DN Printer,4,18597.97,74391.88
TXN-06-0704,2026-06-12,HP E24 G5 Monitor,1,21534.01,21534.01
TXN-06-0705,2026-06-19,Cisco CBS110 Network Switch,16,8614.71,137835.36
TXN-06-0706,2026-06-02,Cisco CBS110 Network Switch,5,8426.14,42130.7
TXN-06-0707,2026-06-29,Cisco CBS110 Network Switch,15,8663.26,129948.9
TXN-06-0708,2026-06-25,Dell P2425H Monitor,15,19658.37,294875.55
TXN-06-0709,2026-06-12,APC Back-UPS 1100VA,2,9403.29,18806.58
TXN-06-0710,2026-06-27,Cisco CBS110 Network Switch,17,8367.04,142239.68
TXN-06-0711,2026-06-02,SanDisk Extreme Portable SSD 1TB,20,10980.24,219604.8
TXN-06-0712,2026-06-12,Kingston DataTraveler 64GB,20,706.97,14139.4
TXN-06-0713,2026-06-25,HP E24 G5 Monitor,17,22461.49,381845.33
TXN-06-0714,2026-06-29,Dell P2425H Monitor,11,19046.16,209507.76
TXN-06-0715,2026-06-19,Brother HL-L2460DN Printer,11,17646.9,194115.9
TXN-06-0716,2026-06-07,Dell P2425H Monitor,4,19524.89,78099.56
TXN-06-0717,2026-06-06,Dell P2425H Monitor,14,19890.4,278465.6
TXN-06-0718,2026-06-22,HP E24 G5 Monitor,5,22197.99,110989.95
TXN-06-0719,2026-06-23,SanDisk Extreme Portable SSD 1TB,4,10597.71,42390.84
TXN-06-0720,2026-06-12,SanDisk Extreme Portable SSD 1TB,6,10706.83,64240.98
TXN-06-0721,2026-06-01,Dell P2425H Monitor,10,19548.73,195487.3
TXN-06-0722,2026-06-07,SanDisk Extreme Portable SSD 1TB,13,10114.47,131488.11
TXN-06-0723,2026-06-07,TP-Link UE300 Ethernet Adapter,1,1247.89,1247.89
TXN-06-0724,2026-06-05,Logitech K380 Keyboard,16,3280.63,52490.08
TXN-06-0725,2026-06-15,Logitech MX Master 3S,7,9264.86,64854.02
TXN-06-0726,2026-06-16,Microsoft LifeCam HD-3000,4,3587.85,14351.4
TXN-06-0727,2026-06-27,Jabra Evolve2 40 Headset,13,12082.03,157066.39
TXN-06-0728,2026-06-17,Cisco CBS110 Network Switch,13,8781.42,114158.46
TXN-06-0729,2026-06-26,HP E24 G5 Monitor,1,20773.43,20773.43
TXN-06-0730,2026-06-17,Logitech MX Master 3S,16,9139.49,146231.84
TXN-06-0731,2026-06-30,Microsoft LifeCam HD-3000,2,3356.35,6712.7
TXN-06-0732,2026-06-30,Brother HL-L2460DN Printer,15,18128.19,271922.85
TXN-06-0733,2026-06-27,Logitech K380 Keyboard,19,3319.77,63075.63
TXN-06-0734,2026-06-16,Logitech MX Master 3S,20,8776.36,175527.2
TXN-06-0735,2026-06-25,Microsoft LifeCam HD-3000,11,3469.29,38162.19
TXN-06-0736,2026-06-11,Cisco CBS110 Network Switch,1,8415.86,8415.86
TXN-06-0737,2026-06-12,APC Back-UPS 1100VA,3,9114.42,27343.26
TXN-06-0738,2026-06-07,Logitech K380 Keyboard,12,3396.52,40758.24
TXN-06-0739,2026-06-18,Brother HL-L2460DN Printer,17,17421.76,296169.92
TXN-06-0740,2026-06-04,Brother HL-L2460DN Printer,18,18203.83,327668.94
TXN-06-0741,2026-06-14,Cisco CBS110 Network Switch,9,8240.32,74162.88
TXN-06-0742,2026-06-07,Microsoft LifeCam HD-3000,12,3656.94,43883.28
TXN-06-0743,2026-06-05,Cisco CBS110 Network Switch,18,8735.92,157246.56
TXN-06-0744,2026-06-25,SanDisk Extreme Portable SSD 1TB,7,10750.33,75252.31
TXN-06-0745,2026-06-12,Dell P2425H Monitor,2,18213.87,36427.74
TXN-06-0746,2026-06-14,Microsoft LifeCam HD-3000,12,3491.65,41899.8
TXN-06-0747,2026-06-30,Cisco CBS110 Network Switch,8,8169.55,65356.4
TXN-06-0748,2026-06-05,Microsoft LifeCam HD-3000,12,3448.09,41377.08
TXN-06-0749,2026-06-04,Kingston DataTraveler 64GB,18,728.48,13112.64
TXN-06-0750,2026-06-20,SanDisk Extreme Portable SSD 1TB,19,10333.37,196334.03
TXN-06-0751,2026-06-15,TP-Link UE300 Ethernet Adapter,10,1211.18,12111.8
TXN-06-0752,2026-06-25,HP E24 G5 Monitor,3,22444.86,67334.58
TXN-06-0753,2026-06-19,Logitech K380 Keyboard,15,3405.47,51082.05
TXN-06-0754,2026-06-06,Kingston DataTraveler 64GB,9,674.95,6074.55
TXN-06-0755,2026-06-23,SanDisk Extreme Portable SSD 1TB,18,10927.39,196693.02
TXN-06-0756,2026-06-21,HP E24 G5 Monitor,15,22255.51,333832.65
TXN-06-0757,2026-06-27,Belkin USB-C 7-in-1 Hub,10,6809.7,68097.0
TXN-06-0758,2026-06-15,Logitech MX Master 3S,3,9018.32,27054.96
TXN-06-0759,2026-06-22,Logitech MX Master 3S,2,8938.26,17876.52
TXN-06-0760,2026-06-12,Logitech MX Master 3S,11,8771.2,96483.2
TXN-06-0761,2026-06-18,Brother HL-L2460DN Printer,12,17535.49,210425.88
TXN-06-0762,2026-06-23,Brother HL-L2460DN Printer,9,18320.85,164887.65
TXN-06-0763,2026-06-27,Jabra Evolve2 40 Headset,7,12959.13,90713.91
TXN-06-0764,2026-06-08,Belkin USB-C 7-in-1 Hub,17,6526.32,110947.44
TXN-06-0765,2026-06-06,Microsoft LifeCam HD-3000,13,3451.45,44868.85
TXN-06-0766,2026-06-08,Cisco CBS110 Network Switch,12,8785.61,105427.32
TXN-06-0767,2026-06-26,Logitech K380 Keyboard,2,3354.46,6708.92
TXN-06-0768,2026-06-13,APC Back-UPS 1100VA,9,9139.13,82252.17
TXN-06-0769,2026-06-27,SanDisk Extreme Portable SSD 1TB,13,10181.59,132360.67
TXN-06-0770,2026-06-17,HP E24 G5 Monitor,14,21028.02,294392.28
TXN-06-0771,2026-06-01,Belkin USB-C 7-in-1 Hub,2,6590.49,13180.98
TXN-06-0772,2026-06-08,Jabra Evolve2 40 Headset,20,12026.72,240534.4
TXN-06-0773,2026-06-26,Brother HL-L2460DN Printer,11,18766.73,206434.03
TXN-06-0774,2026-06-01,Logitech K380 Keyboard,16,3236.47,51783.52
TXN-06-0775,2026-06-13,Microsoft LifeCam HD-3000,20,3591.18,71823.6
TXN-06-0776,2026-06-19,Dell P2425H Monitor,15,19817.64,297264.6
TXN-06-0777,2026-06-11,SanDisk Extreme Portable SSD 1TB,12,10741.57,128898.84
TXN-06-0778,2026-06-12,APC Back-UPS 1100VA,18,9215.81,165884.58
TXN-06-0779,2026-06-13,Kingston DataTraveler 64GB,2,713.99,1427.98
TXN-06-0780,2026-06-07,HP E24 G5 Monitor,3,22301.59,66904.77
TXN-06-0781,2026-06-03,Kingston DataTraveler 64GB,3,730.99,2192.97
TXN-06-0782,2026-06-04,Cisco CBS110 Network Switch,3,8243.56,24730.68
TXN-06-0783,2026-06-05,Microsoft LifeCam HD-3000,17,3656.47,62159.99
TXN-06-0784,2026-06-20,Kingston DataTraveler 64GB,19,678.3,12887.7
TXN-06-0785,2026-06-03,APC Back-UPS 1100VA,16,9313.2,149011.2
TXN-06-0786,2026-06-30,Logitech K380 Keyboard,4,3358.95,13435.8
TXN-06-0787,2026-06-04,Microsoft LifeCam HD-3000,9,3600.5,32404.5
TXN-06-0788,2026-06-06,TP-Link UE300 Ethernet Adapter,15,1204.91,18073.65
TXN-06-0789,2026-06-30,Jabra Evolve2 40 Headset,8,12513.56,100108.48
TXN-06-0790,2026-06-07,Logitech K380 Keyboard,7,3255.97,22791.79
TXN-06-0791,2026-06-08,SanDisk Extreme Portable SSD 1TB,16,10394.89,166318.24
TXN-06-0792,2026-06-10,Cisco CBS110 Network Switch,1,8476.16,8476.16
TXN-06-0793,2026-06-06,Dell P2425H Monitor,6,18198.71,109192.26
TXN-06-0794,2026-06-23,Brother HL-L2460DN Printer,8,18349.38,146795.04
TXN-06-0795,2026-06-08,Belkin USB-C 7-in-1 Hub,8,6734.54,53876.32
TXN-06-0796,2026-06-06,APC Back-UPS 1100VA,6,9144.82,54868.92
TXN-06-0797,2026-06-19,Brother HL-L2460DN Printer,2,17335.98,34671.96
TXN-06-0798,2026-06-26,Logitech MX Master 3S,14,8612.34,120572.76
TXN-06-0799,2026-06-24,HP E24 G5 Monitor,19,21827.58,414724.02
TXN-06-0800,2026-06-06,Dell P2425H Monitor,14,18500.18,259002.52
TXN-06-0801,2026-06-20,Microsoft LifeCam HD-3000,15,3373.45,50601.75
TXN-06-0802,2026-06-28,SanDisk Extreme Portable SSD 1TB,3,10599.05,31797.15
TXN-06-0803,2026-06-29,HP E24 G5 Monitor,8,20747.34,165978.72
TXN-06-0804,2026-06-07,Kingston DataTraveler 64GB,17,677.14,11511.38
TXN-06-0805,2026-06-12,Logitech K380 Keyboard,19,3162.05,60078.95
TXN-06-0806,2026-06-10,Dell P2425H Monitor,2,19448.26,38896.52
TXN-06-0807,2026-06-07,Belkin USB-C 7-in-1 Hub,7,6315.1,44205.7
TXN-06-0808,2026-06-27,Microsoft LifeCam HD-3000,20,3333.23,66664.6
TXN-06-0809,2026-06-14,Jabra Evolve2 40 Headset,1,12257.89,12257.89
TXN-06-0810,2026-06-13,SanDisk Extreme Portable SSD 1TB,20,10419.98,208399.6
TXN-06-0811,2026-06-10,TP-Link UE300 Ethernet Adapter,7,1227.04,8589.28
TXN-06-0812,2026-06-25,Cisco CBS110 Network Switch,1,8895.58,8895.58
TXN-06-0813,2026-06-25,Dell P2425H Monitor,18,18196.53,327537.54
TXN-06-0814,2026-06-22,Brother HL-L2460DN Printer,20,17245.81,344916.2
TXN-06-0815,2026-06-16,TP-Link UE300 Ethernet Adapter,19,1212.56,23038.64
TXN-06-0816,2026-06-04,SanDisk Extreme Portable SSD 1TB,2,10581.94,21163.88
TXN-06-0817,2026-06-13,TP-Link UE300 Ethernet Adapter,10,1254.14,12541.4
TXN-06-0818,2026-06-20,TP-Link UE300 Ethernet Adapter,10,1143.53,11435.3
TXN-06-0819,2026-06-18,Logitech K380 Keyboard,9,3134.21,28207.89
TXN-06-0820,2026-06-22,Microsoft LifeCam HD-3000,8,3484.96,27879.68
TXN-06-0821,2026-06-15,Dell P2425H Monitor,19,19587.16,372156.04
TXN-06-0822,2026-06-11,Belkin USB-C 7-in-1 Hub,11,6606.01,72666.11
TXN-06-0823,2026-06-13,Logitech MX Master 3S,4,8569.66,34278.64
TXN-06-0824,2026-06-18,Kingston DataTraveler 64GB,12,717.21,8606.52
TXN-06-0825,2026-06-22,Kingston DataTraveler 64GB,9,678.29,6104.61
TXN-06-0826,2026-06-24,Jabra Evolve2 40 Headset,12,12559.61,150715.32
TXN-06-0827,2026-06-12,Belkin USB-C 7-in-1 Hub,11,6648.76,73136.36
TXN-06-0828,2026-06-21,TP-Link UE300 Ethernet Adapter,10,1180.92,11809.2
TXN-06-0829,2026-06-11,Kingston DataTraveler 64GB,16,709.23,11347.68
TXN-06-0830,2026-06-24,Microsoft LifeCam HD-3000,8,3619.66,28957.28
TXN-06-0831,2026-06-11,Brother HL-L2460DN Printer,15,18417.07,276256.05
TXN-06-0832,2026-06-10,HP E24 G5 Monitor,5,21464.75,107323.75
TXN-06-0833,2026-06-22,Brother HL-L2460DN Printer,20,18743.0,374860.0
TXN-06-0834,2026-06-22,Logitech K380 Keyboard,3,3430.41,10291.23
TXN-06-0835,2026-06-16,TP-Link UE300 Ethernet Adapter,19,1254.4,23833.6
TXN-06-0836,2026-06-10,Logitech K380 Keyboard,6,3383.39,20300.34
TXN-06-0837,2026-06-14,Kingston DataTraveler 64GB,5,696.16,3480.8
TXN-06-0838,2026-06-29,Brother HL-L2460DN Printer,6,17576.68,105460.08
TXN-06-0839,2026-06-25,HP E24 G5 Monitor,19,21165.61,402146.59
TXN-06-0840,2026-06-30,Brother HL-L2460DN Printer,3,18494.43,55483.29
TXN-06-0841,2026-06-05,APC Back-UPS 1100VA,15,9086.84,136302.6
TXN-06-0842,2026-06-07,Logitech K380 Keyboard,13,3412.84,44366.92
TXN-06-0843,2026-06-23,SanDisk Extreme Portable SSD 1TB,2,10170.81,20341.62
TXN-06-0844,2026-06-09,Cisco CBS110 Network Switch,20,8164.47,163289.4
TXN-06-0845,2026-06-01,Dell P2425H Monitor,11,19518.54,214703.94
TXN-06-0846,2026-06-16,Jabra Evolve2 40 Headset,16,12785.33,204565.28
TXN-06-0847,2026-06-26,TP-Link UE300 Ethernet Adapter,12,1230.06,14760.72
TXN-06-0848,2026-06-18,HP E24 G5 Monitor,18,21697.08,390547.44
TXN-06-0849,2026-06-12,Logitech MX Master 3S,10,9038.57,90385.7
TXN-06-0850,2026-06-28,Logitech K380 Keyboard,4,3210.62,12842.48
TXN-06-0851,2026-06-13,SanDisk Extreme Portable SSD 1TB,9,10221.34,91992.06
TXN-06-0852,2026-06-24,Dell P2425H Monitor,14,18892.39,264493.46
TXN-06-0853,2026-06-08,Jabra Evolve2 40 Headset,3,12942.58,38827.74
TXN-06-0854,2026-06-24,Cisco CBS110 Network Switch,5,8129.96,40649.8
TXN-06-0855,2026-06-03,Logitech K380 Keyboard,19,3394.21,64489.99
TXN-06-0856,2026-06-19,Dell P2425H Monitor,1,18843.4,18843.4
TXN-06-0857,2026-06-16,Logitech MX Master 3S,19,8611.31,163614.89
TXN-06-0858,2026-06-08,Belkin USB-C 7-in-1 Hub,12,6345.71,76148.52
TXN-06-0859,2026-06-30,TP-Link UE300 Ethernet Adapter,18,1145.91,20626.38
TXN-06-0860,2026-06-08,Kingston DataTraveler 64GB,14,679.32,9510.48
TXN-06-0861,2026-06-27,Microsoft LifeCam HD-3000,17,3672.2,62427.4
TXN-06-0862,2026-06-28,Brother HL-L2460DN Printer,18,18596.26,334732.68
TXN-06-0863,2026-06-19,Dell P2425H Monitor,20,18179.14,363582.8
TXN-06-0864,2026-06-16,Belkin USB-C 7-in-1 Hub,15,6217.7,93265.5
TXN-06-0865,2026-06-04,Dell P2425H Monitor,10,18962.5,189625.0
TXN-06-0866,2026-06-07,Dell P2425H Monitor,2,18278.92,36557.84
TXN-06-0867,2026-06-06,HP E24 G5 Monitor,10,21315.77,213157.7
TXN-06-0868,2026-06-12,Dell P2425H Monitor,6,18751.25,112507.5
TXN-06-0869,2026-06-17,Dell P2425H Monitor,11,18447.01,202917.11
TXN-06-0870,2026-06-27,Jabra Evolve2 40 Headset,15,11993.6,179904.0
TXN-06-0871,2026-06-24,Microsoft LifeCam HD-3000,7,3642.42,25496.94
TXN-06-0872,2026-06-28,SanDisk Extreme Portable SSD 1TB,7,10325.01,72275.07
TXN-06-0873,2026-06-14,Brother HL-L2460DN Printer,4,17311.64,69246.56
TXN-06-0874,2026-06-09,Cisco CBS110 Network Switch,16,8891.91,142270.56
TXN-06-0875,2026-06-28,APC Back-UPS 1100VA,4,8637.77,34551.08
TXN-06-0876,2026-06-29,Jabra Evolve2 40 Headset,17,12760.26,216924.42
TXN-06-0877,2026-06-07,APC Back-UPS 1100VA,3,9299.19,27897.57
TXN-06-0878,2026-06-28,Dell P2425H Monitor,16,18348.99,293583.84
TXN-06-0879,2026-06-17,TP-Link UE300 Ethernet Adapter,16,1224.76,19596.16
TXN-06-0880,2026-06-21,Kingston DataTraveler 64GB,4,687.69,2750.76
TXN-06-0881,2026-06-04,Logitech K380 Keyboard,10,3332.22,33322.2
TXN-06-0882,2026-06-07,Dell P2425H Monitor,11,19232.17,211553.87
TXN-06-0883,2026-06-19,Jabra Evolve2 40 Headset,2,12295.88,24591.76
TXN-06-0884,2026-06-04,SanDisk Extreme Portable SSD 1TB,5,10864.68,54323.4
TXN-06-0885,2026-06-20,APC Back-UPS 1100VA,6,8950.9,53705.4
TXN-06-0886,2026-06-08,Belkin USB-C 7-in-1 Hub,14,6239.82,87357.48
TXN-06-0887,2026-06-14,Microsoft LifeCam HD-3000,3,3570.17,10710.51
TXN-06-0888,2026-06-05,Logitech K380 Keyboard,19,3312.7,62941.3
TXN-06-0889,2026-06-23,Kingston DataTraveler 64GB,17,725.74,12337.58
TXN-06-0890,2026-06-08,Logitech MX Master 3S,9,8865.15,79786.35
TXN-06-0891,2026-06-08,Logitech K380 Keyboard,10,3298.76,32987.6
TXN-06-0892,2026-06-22,HP E24 G5 Monitor,13,21254.04,276302.52
TXN-06-0893,2026-06-03,HP E24 G5 Monitor,6,22427.72,134566.32
TXN-06-0894,2026-06-03,HP E24 G5 Monitor,20,20992.09,419841.8
TXN-06-0895,2026-06-13,Kingston DataTraveler 64GB,10,672.06,6720.6
TXN-06-0896,2026-06-24,Logitech MX Master 3S,9,8864.85,79783.65
TXN-06-0897,2026-06-29,Brother HL-L2460DN Printer,3,17328.18,51984.54
TXN-06-0898,2026-06-20,SanDisk Extreme Portable SSD 1TB,15,10513.14,157697.1
TXN-06-0899,2026-06-20,Microsoft LifeCam HD-3000,13,3520.36,45764.68
TXN-06-0900,2026-06-29,TP-Link UE300 Ethernet Adapter,4,1139.8,4559.2
TXN-06-0901,2026-06-21,Logitech K380 Keyboard,14,3260.13,45641.82
TXN-06-0902,2026-06-04,Logitech MX Master 3S,18,8577.48,154394.64
TXN-06-0903,2026-06-26,Jabra Evolve2 40 Headset,3,12166.4,36499.2
TXN-06-0904,2026-06-18,Belkin USB-C 7-in-1 Hub,6,6706.21,40237.26
TXN-06-0905,2026-06-17,SanDisk Extreme Portable SSD 1TB,13,10418.03,135434.39
TXN-06-0906,2026-06-02,Jabra Evolve2 40 Headset,12,12026.13,144313.56
TXN-06-0907,2026-06-22,HP E24 G5 Monitor,6,22160.68,132964.08
TXN-06-0908,2026-06-19,Kingston DataTraveler 64GB,19,678.15,12884.85
TXN-06-0909,2026-06-22,APC Back-UPS 1100VA,14,9238.57,129339.98
TXN-06-0910,2026-06-16,SanDisk Extreme Portable SSD 1TB,3,10103.98,30311.94
TXN-06-0911,2026-06-22,Logitech K380 Keyboard,11,3296.59,36262.49
TXN-06-0912,2026-06-19,APC Back-UPS 1100VA,13,9403.21,122241.73
TXN-06-0913,2026-06-30,Microsoft LifeCam HD-3000,8,3379.42,27035.36
TXN-06-0914,2026-06-29,Cisco CBS110 Network Switch,10,8725.41,87254.1
TXN-06-0915,2026-06-22,Dell P2425H Monitor,12,18138.09,217657.08
TXN-06-0916,2026-06-22,Jabra Evolve2 40 Headset,8,12852.12,102816.96
TXN-06-0917,2026-06-16,APC Back-UPS 1100VA,8,8675.23,69401.84
TXN-06-0918,2026-06-11,Microsoft LifeCam HD-3000,4,3432.25,13729.0
TXN-06-0919,2026-06-21,HP E24 G5 Monitor,19,21319.81,405076.39
TXN-06-0920,2026-06-06,Logitech K380 Keyboard,8,3420.68,27365.44
TXN-06-0921,2026-06-14,Belkin USB-C 7-in-1 Hub,11,6722.03,73942.33
TXN-06-0922,2026-06-07,HP E24 G5 Monitor,19,21589.58,410202.02
TXN-06-0923,2026-06-28,Kingston DataTraveler 64GB,12,710.55,8526.6
TXN-06-0924,2026-06-29,HP E24 G5 Monitor,1,21601.74,21601.74
TXN-06-0925,2026-06-19,HP E24 G5 Monitor,11,21400.27,235402.97
TXN-06-0926,2026-06-18,Dell P2425H Monitor,1,18771.62,18771.62
TXN-06-0927,2026-06-01,Dell P2425H Monitor,8,18421.72,147373.76
TXN-06-0928,2026-06-18,Cisco CBS110 Network Switch,17,8442.21,143517.57
TXN-06-0929,2026-06-03,TP-Link UE300 Ethernet Adapter,11,1143.45,12577.95
TXN-06-0930,2026-06-02,SanDisk Extreme Portable SSD 1TB,18,10145.9,182626.2
TXN-06-0931,2026-06-19,SanDisk Extreme Portable SSD 1TB,12,10099.23,121190.76
TXN-06-0932,2026-06-26,Kingston DataTraveler 64GB,16,698.91,11182.56
TXN-06-0933,2026-06-26,HP E24 G5 Monitor,14,21479.35,300710.9
TXN-06-0934,2026-06-28,Brother HL-L2460DN Printer,14,17639.1,246947.4
TXN-06-0935,2026-06-03,APC Back-UPS 1100VA,15,8574.53,128617.95
TXN-06-0936,2026-06-18,Dell P2425H Monitor,20,18604.04,372080.8
TXN-06-0937,2026-06-17,Dell P2425H Monitor,12,18407.87,220894.44
TXN-06-0938,2026-06-09,Dell P2425H Monitor,20,18526.05,370521.0
TXN-06-0939,2026-06-20,Logitech MX Master 3S,2,8750.62,17501.24
TXN-06-0940,2026-06-22,Dell P2425H Monitor,13,18568.01,241384.13
TXN-06-0941,2026-06-03,Logitech K380 Keyboard,18,3232.33,58181.94
TXN-06-0942,2026-06-12,Cisco CBS110 Network Switch,18,8617.73,155119.14
TXN-06-0943,2026-06-14,Microsoft LifeCam HD-3000,3,3597.87,10793.61
TXN-06-0944,2026-06-22,SanDisk Extreme Portable SSD 1TB,9,10371.61,93344.49
TXN-06-0945,2026-06-16,Logitech MX Master 3S,14,8893.79,124513.06
TXN-06-0946,2026-06-27,Brother HL-L2460DN Printer,16,18242.88,291886.08
TXN-06-0947,2026-06-03,TP-Link UE300 Ethernet Adapter,12,1203.89,14446.68
TXN-06-0948,2026-06-10,SanDisk Extreme Portable SSD 1TB,11,10891.41,119805.51
TXN-06-0949,2026-06-08,SanDisk Extreme Portable SSD 1TB,13,10191.48,132489.24
TXN-06-0950,2026-06-16,Microsoft LifeCam HD-3000,20,3564.51,71290.2
TXN-06-0951,2026-06-21,Dell P2425H Monitor,1,19385.23,19385.23
TXN-06-0952,2026-06-05,Kingston DataTraveler 64GB,18,666.25,11992.5
TXN-06-0953,2026-06-28,Logitech K380 Keyboard,10,3139.98,31399.8
TXN-06-0954,2026-06-04,Microsoft LifeCam HD-3000,3,3452.08,10356.24
TXN-06-0955,2026-06-04,Kingston DataTraveler 64GB,10,693.69,6936.9
TXN-06-0956,2026-06-01,APC Back-UPS 1100VA,10,8698.09,86980.9
TXN-06-0957,2026-06-04,Dell P2425H Monitor,12,18783.68,225404.16
TXN-06-0958,2026-06-27,Dell P2425H Monitor,1,19457.8,19457.8
TXN-06-0959,2026-06-29,APC Back-UPS 1100VA,16,8802.97,140847.52
TXN-06-0960,2026-06-08,SanDisk Extreme Portable SSD 1TB,11,10572.69,116299.59
TXN-06-0961,2026-06-29,TP-Link UE300 Ethernet Adapter,13,1236.62,16076.06
TXN-06-0962,2026-06-14,Dell P2425H Monitor,11,19241.29,211654.19
TXN-06-0963,2026-06-09,Dell P2425H Monitor,2,18171.47,36342.94
TXN-06-0964,2026-06-30,Belkin USB-C 7-in-1 Hub,3,6705.16,20115.48
TXN-06-0965,2026-06-07,Cisco CBS110 Network Switch,2,8405.97,16811.94
TXN-06-0966,2026-06-13,Logitech K380 Keyboard,5,3270.3,16351.5
TXN-06-0967,2026-06-03,APC Back-UPS 1100VA,5,8828.06,44140.3
TXN-06-0968,2026-06-11,Brother HL-L2460DN Printer,12,18540.83,222489.96
TXN-06-0969,2026-06-20,Dell P2425H Monitor,15,19788.22,296823.3
TXN-06-0970,2026-06-20,APC Back-UPS 1100VA,12,9123.45,109481.4
TXN-06-0971,2026-06-21,Microsoft LifeCam HD-3000,7,3601.46,25210.22
TXN-06-0972,2026-06-03,Dell P2425H Monitor,13,18450.0,239850.0
TXN-06-0973,2026-06-28,Kingston DataTraveler 64GB,10,679.48,6794.8
TXN-06-0974,2026-06-01,Kingston DataTraveler 64GB,11,687.24,7559.64
TXN-06-0975,2026-06-15,TP-Link UE300 Ethernet Adapter,5,1186.72,5933.6
TXN-06-0976,2026-06-22,Jabra Evolve2 40 Headset,2,12075.15,24150.3
TXN-06-0977,2026-06-04,Cisco CBS110 Network Switch,18,8464.56,152362.08
TXN-06-0978,2026-06-03,Dell P2425H Monitor,13,19417.11,252422.43
TXN-06-0979,2026-06-19,TP-Link UE300 Ethernet Adapter,10,1167.09,11670.9
TXN-06-0980,2026-06-27,Cisco CBS110 Network Switch,6,8750.2,52501.2
TXN-06-0981,2026-06-21,Dell P2425H Monitor,15,18523.68,277855.2
TXN-06-0982,2026-06-21,Brother HL-L2460DN Printer,5,17108.05,85540.25
TXN-06-0983,2026-06-30,Logitech K380 Keyboard,6,3434.6,20607.6
TXN-06-0984,2026-06-13,Belkin USB-C 7-in-1 Hub,20,6804.57,136091.4
TXN-06-0985,2026-06-30,APC Back-UPS 1100VA,16,8959.22,143347.52
TXN-06-0986,2026-06-25,Belkin USB-C 7-in-1 Hub,18,6260.98,112697.64
TXN-06-0987,2026-06-03,APC Back-UPS 1100VA,14,9031.13,126435.82
TXN-06-0988,2026-06-04,Belkin USB-C 7-in-1 Hub,7,6408.13,44856.91
TXN-06-0989,2026-06-16,Belkin USB-C 7-in-1 Hub,12,6727.26,80727.12
TXN-06-0990,2026-06-20,APC Back-UPS 1100VA,2,8616.12,17232.24
TXN-06-0991,2026-06-01,Microsoft LifeCam HD-3000,12,3484.58,41814.96
TXN-06-0992,2026-06-06,Logitech MX Master 3S,7,9033.48,63234.36
TXN-06-0993,2026-06-15,Logitech MX Master 3S,4,8974.58,35898.32
TXN-06-0994,2026-06-27,Kingston DataTraveler 64GB,19,666.45,12662.55
TXN-06-0995,2026-06-02,APC Back-UPS 1100VA,5,9216.48,46082.4
TXN-06-0996,2026-06-20,APC Back-UPS 1100VA,2,9134.23,18268.46
TXN-06-0997,2026-06-30,Jabra Evolve2 40 Headset,1,12080.02,12080.02
TXN-06-0998,2026-06-11,Jabra Evolve2 40 Headset,5,12815.65,64078.25
TXN-06-0999,2026-06-22,Belkin USB-C 7-in-1 Hub,6,6633.91,39803.46
TXN-06-1000,2026-06-14,Logitech K380 Keyboard,13,3306.87,42989.31
